N_SAME_PRODUCT,N_COUNT,O_COUNT,MISSING_COUNT,N_DERNIER CAM,N_CAM AN-1
"PANZANI, LEGUMES, PROVENCALE, POT, ",17,10.0,7,4905419.6000000015,4747571.5
"PANZANI, BOLO CLASSIQUE, BOLOGNAISE, POT, ",26,19.0,7,4899534.700000001,8800759.400000002
"PANZANI, LEGUMES, PT LEGUME, TUB, ",6,6.0,0,3071093.9000000004,3081322.400000001
"PANZANI, LEGUMES, TOMATE CUI, POT, ",11,10.0,1,2670954.1000000006,2632010.4
"ZAPETTI BUITONI, BOLO CLASSIQUE, ITALIEN, BTE FER, ",11,7.0,4,2418763.9000000004,2392954.5
"HEINZ, LEGUMES, AIL OIGNON, BRIC, ",8,3.0,5,2325710.4000000004,2085754.5
"PANZANI, LEGUMES, TOMATES BASILIC, POT, ",9,4.0,5,2026021.2000000002,1796281.9
"PANZANI, BOLO CLASSIQUE, BOLOGNAISE PUR BOEUF, POT, ",8,6.0,2,1923095.6000000006,79428.09999999999
"BARILLA, LEGUMES, BASILIC, POT, ",9,7.0,2,1746062.1999999997,1792045.7999999998
"PANZANI, BOLO CLASSIQUE, BOLOGNAISE EXTRA RICHE, POT, ",3,3.0,0,1203024.0,1155079.5999999999
"PANZANI, LEGUMES, TOM FRAICH, BTE FER, ",3,2.0,1,1138381.1,1199943.5
"BARILLA, PESTO, PESTO VERD, POT, ",4,3.0,1,1065922.7,949657.4
"BARILLA, PESTO, PESTO RGE, POT, ",2,2.0,0,1004482.6,875035.7
"BARILLA, BOLO CLASSIQUE, BOLOGNAISE, POT, ",7,4.0,3,956457.4999999999,922002.7999999999
"BARILLA, LEGUMES, PROVENCALE, POT, ",3,3.0,0,951896.6,861554.0
"BARILLA, LEGUMES, ARRABIATA, POT, ",6,4.0,2,878142.3999999999,760727.1000000001
"ZAPETTI BUITONI, LEGUMES, H OLIVE, BTE FER, ",3,3.0,0,803789.5,795268.3999999999
"PANZANI, PESTO, PESTO VERD, POT, ",3,2.0,1,693695.3000000003,617756.7000000001
"PANZANI, BOLO BALLS, NATURE, POT, ",3,2.0,1,670035.2000000001,767792.1
"BARILLA, LEGUMES, TOMATE CUI, POT, ",2,2.0,0,581389.5,344266.2
"PANZANI, LEGUMES, OLIV BASIL, POT, ",5,4.0,1,541059.2,575318.7000000001
"PANZANI, CREME, CARBONARA, POT, ",1,1.0,0,501772.9000000001,458855.5
"PANZANI, LEGUMES, OIGNONS ET AIL, TUB, ",1,1.0,0,474875.3,472721.1
"BARILLA, LEGUMES, OLIVE, POT, ",5,3.0,2,456324.39999999997,490184.60000000015
"PANZANI, BOLO ORIGINALE, BOLOG CHAMP, POT, ",3,2.0,1,434736.49999999994,429156.0
"PANZANI, CREME, 4FROMAGES, POT, ",1,1.0,0,400824.6,375388.20000000007
"PANZANI, BOLO ORIGINALE, BOLOG EPIC, POT, ",1,1.0,0,397852.50000000006,357360.29999999993
"PANZANI, BIO, BOLOGNAISE BIO, POT, ",1,1.0,0,374879.29999999993,173489.0
"BARILLA, BOLO CLASSIQUE, BOLOGNAISE EXTRA RICHE, POT, ",1,1.0,0,366599.8000000001,329660.60000000003
"SACLA, LEGUMES, ARRABIATA, POT, ",5,4.0,1,357320.69999999995,321743.9
"JARDIN BIO, BIO, BASILIC, POT, ",6,4.0,2,317772.60000000003,262875.4
"PANZANI, BOLO ORIGINALE, BOLOG POULET, POT, ",3,2.0,1,299620.10000000003,315355.9
"PANZANI, LEGUMES, BOLET CEPE, POT, ",2,2.0,0,285963.8,349398.0
"BARILLA, PESTO, BASILIC & ROQUETTE, POT, ",2,1.0,1,280941.3,217395.9
"BARILLA, LEGUMES, NAPOLITAIN, POT, ",1,1.0,0,278342.2,259009.1
"JARDIN BIO, BIO, PROVENCALE, POT, ",4,3.0,1,277924.3,258543.90000000005
"ZAPETTI BUITONI, AUT VIANDE, VDE ROTI, BTE FER, ",6,2.0,4,276734.30000000005,145420.3
"MQ FAB 1 PRX, BOLO CLASSIQUE, BOLOGNAISE, POT, ",2,2.0,0,255187.19999999998,218516.20000000007
"PANZANI, LEGUMES, OIGNONS ET AIL, BRIC, ",1,1.0,0,232855.6,249598.8
"PANZANI, QUALITE FRAICHEMENT CUISINEE, TOMATE CUI, POT, ",1,1.0,0,225004.8,257906.3
"PANZANI, QUALITE FRAICHEMENT CUISINEE, BASILIC, POT, ",1,1.0,0,194553.1,210550.5
"BARILLA, LEGUMES, RICOTTA, POT, ",3,2.0,1,186470.0,204307.69999999998
"SACLA, LEGUMES, CAVIAR TOM, POT, ",2,2.0,0,172368.3,205334.39999999994
"AUT MQ, BOLO CLASSIQUE, BOLOGNAISE, POT, ",32,17.0,15,168415.00000000003,99866.9
"SACLA, PESTO, PESTO VERD, POT, ",5,5.0,0,148805.40000000002,157983.6
"BARILLA, BOLO CLASSIQUE, BOLOGNESE FROMAGE ITALIEN, POT, ",1,1.0,0,143275.2,137522.4
"SACLA, LEGUMES, POIV AUBER, POT, ",4,4.0,0,142480.5,156394.69999999998
"BARILLA, BIO, BASILIC, POT, ",1,1.0,0,136018.0,64520.10000000001
"BARILLA, BIO, PESTO VERD, POT, ",1,1.0,0,133929.4,59795.3
"SACLA, LEGUMES, TOM OLIVE, POT, ",3,3.0,0,124890.79999999999,174739.2
"PANZANI, A CUISINER, RISOTTO CHAMP, POT, ",2,2.0,0,124085.09999999999,137207.00000000003
"PANZANI, BIO, PT LEGUMES BIO, TUB, ",1,1.0,0,120185.5,9211.2
"PANZANI, BIO, PROVENCALE, POT, ",1,1.0,0,118524.3,93335.4
"ZAKIA, BOLO CLASSIQUE, BOLOGNAISE, POT, ",1,1.0,0,107719.9,113833.5
"PANZANI, QUALITE FRAICHEMENT CUISINEE, PROVENCALE, POT, ",1,1.0,0,105063.8,130695.1
"MQ FAB 1 PRX, LEGUMES, NAPOLITAIN, POT, ",1,1.0,0,104411.5,114158.2
"ZAPETTI BUITONI, LEGUMES, PROVENC LANGUE, BTE FER, ",5,3.0,2,100041.50000000003,101208.59999999999
"HEINZ, LEGUMES, AIL OIGNON SS SUCRES/SEL, BRIC, ",1,1.0,0,98048.4,71027.7
"SACLA, LEGUMES, TOM CE BAS, POT, ",2,1.0,1,95556.8,104889.3
"AUT MQ, LEGUMES, NATURE, POT, ",19,16.0,3,95229.0,95189.4
"HEINZ, LEGUMES, BASILIC, POT, ",5,5.0,0,88404.2,231320.8
"AUT MQ, LEGUMES, BASILIC, POT, ",45,35.0,10,87811.19999999998,84480.8
"MQ FAB 1 PRX, LEGUMES, TOMATE CUISINEE AUX PETITS LEG, POT, ",1,1.0,0,85290.40000000001,76019.40000000001
"HEINZ, LEGUMES, PROVENCALE, POT, ",5,5.0,0,84232.00000000001,195426.2
"PANZANI, BOLO CLASSIQUE, BOLOGNAISE, BTE FER, ",3,2.0,1,83367.6,149684.4
"PANZANI, PESTO, PESTO RGE, POT, ",2,1.0,1,83128.40000000002,58489.6
"PANZANI, BOLO VEGETARIENNE, VEGETARIENNE FACON BOLOGNAISE, POT, ",1,1.0,0,82300.29999999999,68269.2
"BARILLA, LEGUMES, AIL & FINE HERBES, POT, ",1,1.0,0,80507.90000000001,119697.8
"JARDIN BIO, BIO, NAPOLITAIN, POT, ",1,1.0,0,79191.10000000003,69275.90000000001
"PANZANI, BIO, TOMATE CUI, POT, ",1,1.0,0,76885.5,60255.2
"HEINZ, BIO, AIL OIGNON, POT, ",1,1.0,0,76436.8,110791.4
"ZAPETTI BUITONI, LEGUMES, TOMATE CUI, BRIC, ",1,1.0,0,72368.1,125395.7
"BARILLA, LEGUMES, TOM CE NAP, POT, ",1,1.0,0,72069.3,85149.80000000003
"HEINZ, BOLO ORIGINALE, CHORIZO, POT, ",4,4.0,0,64397.700000000004,29189.9
"PANZANI, BOLO ORIGINALE, 3POIVRES, POT, ",2,2.0,0,63884.0,97970.40000000001
"JARDIN BIO, BIO, BOLOGNAISE, POT, ",2,1.0,1,61432.49999999999,56403.30000000001
"SACLA, PESTO, PESTO RGE, POT, ",2,2.0,0,61009.6,62875.3
"HEINZ, BOLO CLASSIQUE, BOLOGNAISE RICHE EN LEGUMES, POT, ",4,4.0,0,59433.299999999996,22771.199999999997
"JARDIN BIO, BIO, OLIVE, POT, ",1,1.0,0,58539.8,52088.99999999999
"MQ FAB 1 PRX, LEGUMES, NATURE, BTE FER, ",1,1.0,0,57786.4,62451.2
"HEINZ, LEGUMES, POIVRONS GRILLES & FORMAGE ITA, POT, ",7,6.0,1,57036.200000000004,129830.4
"BARILLA, PESTO, PESTO VEGAN, POT, ",1,1.0,0,54922.0,40587.2
"HEINZ, BOLO CLASSIQUE, BOLOGNAISE, POT, ",2,2.0,0,53283.700000000004,12590.9
"HEINZ, BOLO CLASSIQUE, BOLOGNAISE RICHE EN BOEUF, POT, ",3,3.0,0,52606.50000000001,20748.5
"PANZANI, BOLO ORIGINALE, BOLOGNAISE EMMENTAL, POT, ",3,2.0,1,49184.9,192252.39999999997
"SACLA, PESTO, PESTO AIL OURS, POT, ",1,1.0,0,47810.7,42038.2
"PANZANI, BOLO ORIGINALE, BOURGUIGNO, POT, ",2,2.0,0,47752.40000000001,93160.79999999999
"SACLA, BIO, GENOVESE BIO, POT, ",3,3.0,0,44749.8,37480.8
"AUT MQ, SCE CLAS, CURRY INDIENNE COCO & CACAHUET, POT, ",2,2.0,0,43118.9,40692.1
"PANZANI, PESTO, PESTO VERD, TUB, ",1,1.0,0,40184.2,38791.7
"FLORELLI, PESTO, PESTO VERD, POT, ",2,2.0,0,40115.10000000001,41570.0
"BARILLA, LEGUMES, ZUCCHINE & LEGUMES GRILLES, POT, ",1,1.0,0,37100.3,24205.6
"HEINZ, LEGUMES, ARRABIATA, POT, ",6,5.0,1,35924.6,135985.4
"ZAKIA, LEGUMES, TOMATE PIMENTE, TUB, ",1,1.0,0,35677.899999999994,21058.2
"BARILLA, PESTO, PESTO RUSTICO BASILICO & ZUCCH, POT, ",1,1.0,0,34750.700000000004,0.0
"AUT MQ, SCE CLAS, SWEET CHILLI, FLA PLAS, ",1,1.0,0,34050.6,28921.3
"OLD EL PASO, LEGUMES, SALSA, POT, ",2,2.0,0,34006.7,41380.7
"JARDIN BIO, BIO, ARRABIATA, POT, ",1,1.0,0,33988.3,26481.5
"AUT MQ, SCE CLAS, CURRY INDIENNE TIKKA MASALA EP, POT, ",1,1.0,0,33650.3,30960.599999999995
"AUT MQ, LEGUMES, ARRABIATA, POT, ",30,24.0,6,31511.600000000002,30837.299999999996
"SACLA, LEGUMES, AUBERGINE, POT, ",1,1.0,0,31401.4,30293.8
"BARILLA, PESTO, PESTO RUSTICO TOMATES SECHEES, POT, ",1,1.0,0,30654.800000000007,58159.2
"LUCIEN GEORGELIN, LEGUMES, AIL OIGNON, POT, ",2,2.0,0,30049.399999999998,15322.2
"LUCIEN GEORGELIN, LEGUMES, PIMENT D'ESPELETTE, POT, ",2,2.0,0,29904.200000000008,17510.399999999998
"PANZANI, QUALITE FRAICHEMENT CUISINEE, PIMENT D'ESPELETTE, POT, ",1,1.0,0,29554.8,32592.6
"LUCIEN GEORGELIN, LEGUMES, BASILIC, POT, ",4,3.0,1,28261.699999999997,20739.8
"SACLA, LEGUMES, GORG OIG DX, POT, ",1,1.0,0,27603.8,27253.0
"LUCIEN GEORGELIN, LEGUMES, TOMATE DE MARMANDE, POT, ",2,2.0,0,27573.2,14181.9
"RUMMO, LEGUMES, BASILIC, POT, ",1,1.0,0,27376.5,25527.3
"PANZANI, PESTO, PESTO POIV, POT, ",1,1.0,0,25661.7,29105.4
"CIRIO, LEGUMES, PETIT LEGUMES & PARMESAN, TUB, ",1,1.0,0,25157.2,21160.0
"PANZANI, LEGUMES, BASILIC, POT, ",4,3.0,1,24937.6,10807.5
"BARILLA, BOLO VEGETARIENNE, BOLOGNESE SOJA, POT, ",1,1.0,0,24506.7,21552.3
"BARILLA, PESTO, PESTO RUSTICO POMODORI SECCHI, POT, ",1,1.0,0,24299.6,0.0
"ITALIANS DO IT BETTER, LEGUMES, BASILIC FRAIS, POT, ",3,3.0,0,24015.300000000003,20297.6
"MQ FAB 1 PRX, LEGUMES, PT LEGUME, TUB, ",1,1.0,0,23779.9,22406.8
"JARDIN BIO, BIO, TOMATE CUI, POT, ",1,1.0,0,22838.7,0.0
"AUT MQ, SCE CLAS, AJI PANCA CHILI, POT, ",2,2.0,0,22061.100000000006,49547.6
"FLORELLI, PESTO, PESTO RGE, POT, ",2,2.0,0,21767.8,23712.7
"ZAPETTI BUITONI, LEGUMES, TOMATE CUI, DOY PAC, ",1,1.0,0,21583.2,13926.199999999995
"HEINZ, LEGUMES, MEDITERRAN, POT, ",4,4.0,0,21393.4,74569.40000000001
"SACLA, BIO, ARRABIATA, POT, ",2,2.0,0,21239.9,18922.3
"AUT MQ, PESTO, PESTO VERD, POT, ",47,24.0,23,21023.800000000003,24861.899999999998
"SACLA, LEGUMES, TOMATES CERISES EN RONDELLES P, POT, ",1,1.0,0,20880.800000000007,23105.7
"FLORELLI, PESTO, LE PESTO ALLA CALABRESE POIVRO, POT, ",1,1.0,0,19682.6,17717.899999999998
"AUT MQ, SCE CLAS, CRANBERRY BBQ, POT, ",1,1.0,0,19477.2,44847.00000000001
"ZAPETTI BUITONI, BOLO CLASSIQUE, BOLOGNAISE, POT, ",10,4.0,6,19123.6,115432.8
"SACLA, LEGUMES, CAVIAR DE TOMATES A L'AIL, POT, ",2,2.0,0,19006.0,1481.6999999999996
"RUMMO, PESTO, PESTO RGE, POT, ",1,1.0,0,18960.6,15942.6
"SACLA, LEGUMES, TOM ROQUET, POT, ",1,1.0,0,18906.0,18801.8
"SACLA, BIO, PARMESAN, POT, ",1,1.0,0,18864.5,46585.2
"PANZANI, LEGUMES, TOM CUI A L'ORIGAN, TUB, ",1,1.0,0,18628.1,2111.9
"RUMMO, PESTO, PESTO VERD, POT, ",1,1.0,0,18103.3,14635.2
"AUT MQ, LEGUMES, BASILIC, BTE FER, ",1,1.0,0,17683.7,16909.600000000002
"RUMMO, LEGUMES, ARRABIATA, POT, ",1,1.0,0,17549.6,16422.100000000002
"FLORELLI, PESTO, LE PESTO ALLA CALABRESE TOMATE, POT, ",1,1.0,0,17485.100000000002,16343.9
"AUT MQ, LEGUMES, TOMATE CUI, POT, ",5,3.0,2,17169.6,23155.199999999997
"SACLA, PESTO, PESTO TRUFFE NR, POT, ",1,1.0,0,17051.3,15615.499999999998
"SACLA, BIO, TOM SECH AIL, POT, ",1,1.0,0,16936.8,17739.5
"SACLA, BIO, BASILIC, POT, ",1,1.0,0,16796.7,17229.0
"ITALIANS DO IT BETTER, PESTO, PARMIGIANO REGGIANO & PESTO BA, POT, ",1,1.0,0,16224.6,12112.4
"SACLA, LEGUMES, BURRATA, POT, ",1,1.0,0,16095.7,16968.8
"LUCIEN GEORGELIN, BIO, NATURE, POT, ",1,1.0,0,16037.600000000002,1537.8
"LUCIEN GEORGELIN, BIO, BASILIC, POT, ",1,1.0,0,15888.1,1628.4
"SACLA, BIO, OLIVE, POT, ",2,2.0,0,15831.5,6823.2
"RUMMO, BOLO CLASSIQUE, BOLOGNAISE, POT, ",1,1.0,0,15400.700000000004,13693.6
"BARILLA, PESTO, PESTO TOM SECHE, POT, ",1,1.0,0,14894.999999999998,17441.8
"FLORELLI, LEGUMES, ARRABIATA, POT, ",2,2.0,0,14884.199999999999,18077.6
"SACLA, BIO, BOLOGNAISE, POT, ",1,1.0,0,14729.1,21735.8
"AUT MQ, LEGUMES, OLIVE, POT, ",11,7.0,4,14668.400000000001,13612.7
"SACLA, LEGUMES, POIV FIG NOIS, POT, ",1,1.0,0,14579.1,17704.800000000007
"PANZANI, PESTO, PIGNONS ENTIER, POT, ",1,1.0,0,14048.8,34842.0
"HEINZ, PESTO, PESTO RGE, POT, ",3,2.0,1,13213.5,52605.5
"AUT MQ, LEGUMES, MARINARA, POT, ",4,2.0,2,13033.400000000001,2343.2999999999997
"JARDIN BIO, BIO, BASILIC PROTEINES DE SOJA, POT, ",1,1.0,0,12757.999999999998,10943.099999999997
"CIRIO, LEGUMES, BASILIC, POT, ",1,1.0,0,12440.3,16531.6
"VICTORIA, PESTO, PESTO VERD, POT, ",1,1.0,0,12215.0,7440.5999999999985
"LUCIEN GEORGELIN, BIO, AIL OIGNON, POT, ",1,1.0,0,12029.9,1616.4
"CIRIO, LEGUMES, ARRABIATA, POT, ",1,1.0,0,11871.2,16159.6
"RUMMO, BOLO VEGETARIENNE, BOLOGNESE VEGETALE, POT, ",1,1.0,0,11689.8,5670.7
"SACLA, PESTO, PESTO ROSSO PECORINO ROMANO &, POT, ",1,1.0,0,11540.7,4785.9000000000015
"ZAPETTI BUITONI, BIO, NATURE, BTE FER, ",1,1.0,0,11352.100000000002,0.0
"FLORELLI, LEGUMES, PARMESAN, POT, ",1,1.0,0,11200.399999999998,10147.6
"BARILLA, PESTO, PESTO RUSTICO LEGUMES MEDITERA, POT, ",1,1.0,0,11106.0,24147.6
"AUT MQ, BIO, ARRABIATA, POT, ",9,8.0,1,10929.800000000001,10020.300000000003
"RIVOIRE & CARRET, PESTO, PESTO VERT, POT, ",1,1.0,0,10873.6,5278.9
"SACLA, LEGUMES, TOMATES CERISES EN RONDELLES R, POT, ",1,1.0,0,10809.4,9517.1
"PANZANI, LEGUMES, NAPOLITAIN, POT, ",1,1.0,0,10594.7,49873.1
"JARDIN BIO, BIO, AIL & PERSIL PROTEINES DE SOJA, POT, ",1,1.0,0,10506.0,10388.2
"FLORELLI, LEGUMES, TOM CERISE, POT, ",1,1.0,0,10400.1,10739.600000000002
"SACLA, LEGUMES, POIV MOZZA, POT, ",1,1.0,0,10386.5,9127.4
"AUT MQ, BIO, BASILIC, POT, ",12,9.0,3,10217.700000000004,3288.5000000000005
"AUT MQ, PESTO, PESTO RGE, POT, ",20,14.0,6,10183.1,13165.500000000002
"CIRIO, BOLO CLASSIQUE, RAGU BOLOGNESE, POT, ",1,1.0,0,10175.9,17344.8
"SACLA, BIO, PESTO GENOVESE TOFU, POT, ",1,1.0,0,10052.4,10811.8
"FLORELLI, LEGUMES, BASILIC, POT, ",2,2.0,0,10024.4,14739.899999999996
"ZAPETTI BUITONI, BIO, BOLOGNAISE, BTE FER, ",1,1.0,0,9945.1,0.0
"BARILLA, PESTO, PESTO RUSTICO MEDITERRANEO, POT, ",1,1.0,0,9936.399999999998,0.0
"SACLA, LEGUMES, SALSICCIA, POT, ",1,1.0,0,9917.8,5737.500000000001
"FLORELLI, LEGUMES, TOM SECHE, POT, ",2,2.0,0,9879.8,16114.2
"FLORELLI, LEGUMES, AUBER RICO, POT, ",2,2.0,0,9770.599999999999,11631.3
"AUT MQ, SCE CLAS, HARISSA & PIMENTS, FLA PLAS, ",1,1.0,0,9467.5,10632.8
"LUCIEN GEORGELIN, BIO, PIMENT D'ESPELETTE, POT, ",1,1.0,0,9381.3,1276.1999999999996
"CIRIO, LEGUMES, NAPOLITAIN, POT, ",1,1.0,0,9365.3,11697.200000000004
"AUT MQ, SCE CLAS, CURRY INDIENNE BUTTER CHICKEN, POT, ",2,2.0,0,9084.0,0.0
"AUT MQ, SCE CLAS, PESTO ORANGE, POT, ",1,1.0,0,8746.599999999999,9303.9
"UNC BENS, SCE CLAS, TIKKA MASALA, POT, ",1,1.0,0,8629.800000000001,0.0
"FLORELLI, LEGUMES, MASCARPONE, POT, ",2,2.0,0,8354.2,11897.9
"MQ FAB 1 PRX, PESTO, PESTO VERD, POT, ",1,1.0,0,8345.099999999999,8913.0
"JARDIN BIO, BIO, TOMATE CUISINEE AUX LEGUMES, TUB, ",1,1.0,0,8235.6,2322.5000000000005
"ITALIANS DO IT BETTER, LEGUMES, AUBERGINE, POT, ",2,2.0,0,7952.199999999999,6052.2
"SACLA, BOLO CLASSIQUE, BOLOGNAISE, POT, ",3,3.0,0,7915.9000000000015,11901.400000000001
"DE CECCO, LEGUMES, ARRABIATA, POT, ",3,3.0,0,7810.3,8500.699999999999
"AUT MQ, SCE CLAS, BEURRE CITRON A LA CREME FRAIC, DOY PAC, ",1,1.0,0,7617.8,4300.8
"SACLA, BIO, PESTO TOM SECHE, POT, ",1,1.0,0,7349.9,7109.3
"BJORG, BIO, BOLOGNESE VEGETALE, POT, ",1,1.0,0,7259.9000000000015,13308.6
"SACLA, LEGUMES, TOMATES CERISES EN RONDELLES O, POT, ",1,1.0,0,7256.500000000001,11864.3
"AUT MQ, SCE CLAS, PESTO BLANC, POT, ",1,1.0,0,7122.0999999999985,6564.5999999999985
"AUT MQ, SCE CLAS, PANANG CURRY, DOY PAC, ",1,1.0,0,7006.499999999999,16859.199999999993
"AUT MQ, SCE CLAS, BEURRE BLANC RICHE EN ECHALOTE, DOY PAC, ",1,1.0,0,6902.0999999999985,8713.4
"AUT MQ, LEGUMES, NAPOLITAIN, POT, ",12,9.0,3,6762.000000000002,6920.5
"RIVOIRE & CARRET, BOLO ORIGINALE, BOLOGNAISE LEGUMES, POT, ",1,1.0,0,6480.299999999998,4602.0999999999985
"AUT MQ, BIO, THYM, POT, ",2,2.0,0,6410.799999999999,6459.199999999999
"AUT MQ, SCE CLAS, OSEILLE A LA CREME FRAICHE AU, DOY PAC, ",1,1.0,0,6388.5,7109.799999999998
"FLORELLI, LEGUMES, CEPE, POT, ",1,1.0,0,6366.7,6520.000000000001
"PANZANI, PESTO, PEST BASIL PARM, COUPELLE, ",1,1.0,0,6366.2,0.0
"AUT MQ, LEGUMES, LEG GRILLE, POT, ",3,3.0,0,6307.5,6580.9
"ZAPETTI BUITONI, LEGUMES, RATATOUILLE, BTE FER, ",2,2.0,0,6282.9,9332.3
"AUT MQ, SCE CLAS, PESTO JAUNE, POT, ",1,1.0,0,5941.000000000001,6622.6
"DE CECCO, LEGUMES, NAPOLITAIN, POT, ",2,2.0,0,5852.099999999999,6484.200000000001
"DE CECCO, LEGUMES, SICILIEN, POT, ",2,2.0,0,5762.199999999999,6658.7
"FLORELLI, LEGUMES, AUBER BASI, POT, ",1,1.0,0,5609.1,8311.0
"FLORELLI, PESTO, PESTO ROQUETTE & NOIX, POT, ",1,1.0,0,5536.9000000000015,6110.3
"AUT MQ, BOLO CLASSIQUE, BOLOGNAISE PUR BOEUF, POT, ",1,1.0,0,5485.9,4443.4000000000015
"AUT MQ, LEGUMES, H OLIVE, BTE FER, ",1,1.0,0,5261.7,5334.5
"AUT MQ, CREME, FROMAGE, POT, ",3,3.0,0,5184.099999999999,5726.699999999999
"LOUIS MARTIN, BOLO CLASSIQUE, BOLOGNAISE, POT, ",3,2.0,1,5151.9000000000015,4876.0
"RIVOIRE & CARRET, LEGUMES, TOMATES BASILIC, POT, ",1,1.0,0,5049.5999999999985,2812.7999999999993
"SACLA, PESTO, PESTO ENFER, POT, ",1,1.0,0,5045.1,5308.0999999999985
"SACLA, LEGUMES, AUBER OLIV NR CAJOU, POT, ",1,1.0,0,5007.0,6294.600000000001
"SUZY WAN, SCE CLAS, POULET COCO CURRY, POT, ",1,1.0,0,4995.500000000001,6190.400000000002
"AUT MQ, SCE CLAS, PESTO ALLA LIGURE, POT, ",1,1.0,0,4958.4000000000015,1172.4
"HEINZ, BOLO ORIGINALE, BOLOG CHAMP, POT, ",1,1.0,0,4846.700000000002,1498.0
"ITALIANS DO IT BETTER, SCE CLAS, PESTO ROSSO TOMATES SECHEES AU, POT, ",1,1.0,0,4806.0999999999985,3353.1
"KNORR, LEGUMES, LEGUME, BTE FER, ",1,0.0,1,4775.0,5110.0
"AUT MQ, LEGUMES, SICILIEN, POT, ",4,3.0,1,4767.599999999999,6161.200000000001
"AUT MQ, LEGUMES, LEGUME, POT, ",3,3.0,0,4736.2,2596.2999999999997
"LOUIS MARTIN, LEGUMES, TOMATE CUI, POT, ",1,1.0,0,4702.3,4240.4
"AUT MQ, CREME, FROM POIVR, POT, ",1,1.0,0,4641.0,4585.799999999998
"FLORELLI, LEGUMES, OLIVE, POT, ",1,1.0,0,4626.3,4176.4000000000015
"RIVOIRE & CARRET, BOLO CLASSIQUE, BOLOGNAISE PUR BOEUF, POT, ",1,1.0,0,4556.6,9201.8
"HEINZ, LEGUMES, TOMATO SOFRITO, POT, ",1,1.0,0,4491.8,0.0
"JARDIN BIO, SCE CLAS, CURRY AU LAIT DE COCO, POT, ",1,1.0,0,4481.9000000000015,0.0
"ITALIANS DO IT BETTER, BOLO CLASSIQUE, BOULETTES DE VIANDE, POT, ",1,1.0,0,4442.0,5622.9
"CASERTA, LEGUMES, TOMATE CUI, POT, ",1,1.0,0,4411.000000000001,4393.1
"JARDIN BIO, BIO, DUO D'OLIVES VERTES & NOIRES, POT, ",1,1.0,0,4409.299999999998,0.0
"SACLA, BIO, CEPE, POT, ",1,1.0,0,4355.0,6683.9
"CIRIO, LEGUMES, LEGUME, POT, ",1,1.0,0,4324.7,7145.500000000001
"LOUIS MARTIN, LEGUMES, AROMATE, BTE FER, ",1,1.0,0,4183.2,6022.799999999998
"SACLA, PESTO, PESTO ROSSO & GINGEMBRE CONFIT, POT, ",1,1.0,0,4175.9,2384.5
"MUTTI, LEGUMES, PARMIGIANO REGGIANO, POT, ",2,2.0,0,4162.200000000001,6086.4000000000015
"SACLA, BIO, POIVRON, POT, ",1,1.0,0,4073.6,4698.7
"CIRIO, LEGUMES, PARMESAN, POT, ",1,1.0,0,3996.8,8113.399999999998
"AUT MQ, LEGUMES, AUBER POIV, POT, ",1,1.0,0,3973.6,3856.7
"CASERTA, LEGUMES, SIMPLISSIM, POT, ",1,1.0,0,3956.6,3532.5999999999995
"AUT MQ, LEGUMES, MEDITERRAN, POT, ",1,1.0,0,3947.4,5953.3
"AUT MQ, PESTO, PESTO OLIV, POT, ",2,2.0,0,3909.400000000001,3466.1
"ZAPETTI BUITONI, LEGUMES, NAPOLITAIN, POT, ",7,4.0,3,3868.1,29428.500000000007
"FLORELLI, LEGUMES, GORGONZOLA & OIGNON, POT, ",1,1.0,0,3732.2,3189.5000000000005
"ZAPETTI BUITONI, LEGUMES, PROVENCALE AUX LEGUMES DU SOLE, POT, ",4,1.0,3,3723.6,29368.9
"AUT MQ, BIO, BASIL H OLIVE, POT, ",1,1.0,0,3718.7,3495.4
"PANZANI, LEGUMES, KETCHUP, TUB, ",1,1.0,0,3684.8,15776.2
"AUT MQ, LEGUMES, PISTOU, POT, ",8,5.0,3,3617.0,4208.700000000002
"AUT MQ, LEGUMES, POIVRON, POT, ",8,3.0,5,3576.2000000000003,4017.300000000001
"PANZANI, QUALITE FRAICHEMENT CUISINEE, TOM RICOTT, POT, ",1,1.0,0,3533.300000000001,0.0
"AUT MQ, SCE CLAS, BARBECUE TERIYAKI AU MIEL, POT, ",1,1.0,0,3456.4000000000005,3882.1
"CIRIO, LEGUMES, OLIV CAPRE, POT, ",1,1.0,0,3401.4000000000005,5285.200000000002
"SACLA, PESTO, PESTO DES ANGES, POT, ",1,1.0,0,3399.3,4662.499999999999
"AUT MQ, BIO, TOM CERISE, POT, ",1,1.0,0,3364.100000000001,3321.4
"MQ FAB 1 PRX, PESTO, PESTO RGE, POT, ",1,1.0,0,3358.5000000000005,3463.5000000000005
"AUT MQ, SCE CLAS, NANTUA AUX ECREVISSES, POT, ",1,1.0,0,3318.5,3381.9
"MQ FAB 1 PRX, BOLO CLASSIQUE, BOLOG VDE, POT, ",1,0.0,1,3271.4000000000005,3284.4
"DE CECCO, BOLO CLASSIQUE, BOLOGNAISE, POT, ",2,2.0,0,3268.300000000001,3498.2000000000007
"RIVOIRE & CARRET, LEGUMES, POIV AUBER, POT, ",1,1.0,0,3197.5000000000005,4882.8
"SACLA, BOLO VEGETARIENNE, BOLOGNAISE VEGETARIENNE SOJA, POT, ",1,1.0,0,3184.1,3301.7
"FLORELLI, BOLO CLASSIQUE, BOLOGNAISE, POT, ",1,1.0,0,3160.2,5578.9000000000015
"MUTTI, LEGUMES, VERDURE, POT, ",1,1.0,0,3142.4,0.0
"SACLA, BIO, PESTO ROSSO TOFU, POT, ",1,1.0,0,3060.3,3939.9
"AUT MQ, LEGUMES, PROVENCALE, POT, ",10,5.0,5,3059.1,3624.2999999999997
"ITALIANS DO IT BETTER, LEGUMES, OLIVES DE TAGGIASCHE, POT, ",1,1.0,0,3005.8,3749.0
"LOUIS MARTIN, LEGUMES, BASILIC, POT, ",3,2.0,1,2992.4999999999995,3195.2999999999997
"ZAPETTI BUITONI, LEGUMES, TOMATE CUI, BTE FER, ",2,1.0,1,2935.6,4721.2
"AUT MQ, LEGUMES, TOMATES BASILIC, POT, ",1,1.0,0,2886.0999999999995,2038.2
"AUT MQ, SCE CLAS, AIL DES OURS & BASILIC, POT, ",1,1.0,0,2845.4,4266.9000000000015
"LOUIS MARTIN, LEGUMES, PROVENCALE, BTE FER, ",1,1.0,0,2783.5,1348.4
"ITALIANS DO IT BETTER, LEGUMES, OLIVE, POT, ",1,1.0,0,2762.100000000001,0.0
"AUT MQ, BIO, PROVENCALE, POT, ",4,4.0,0,2721.0000000000005,2548.2
"AUT MQ, BIO, PESTO VERD, POT, ",6,6.0,0,2655.9,2609.2
"AUT MQ, SCE CLAS, AJVAR CLASSIQUE, POT, ",1,1.0,0,2616.9,2113.0
"SUZY WAN, SCE CLAS, POULET AIGRE DOUCE, POT, ",1,1.0,0,2592.6,2712.4
"AUT MQ, SCE CLAS, ARTICHAUTS & TOMATES & MASCARP, POT, ",1,1.0,0,2583.2,3598.9
"POLLI, BIO, GENOVESE BIO, POT, ",1,1.0,0,2582.8,0.0
"SACLA, PESTO, PESTO ROSSO TOFU & BAIES DE GO, POT, ",1,1.0,0,2493.4,1320.2000000000005
"JARDIN BIO, BIO, CEPES, POT, ",1,1.0,0,2487.1,3307.9
"AUT MQ, SCE CLAS, BEURRE BLANC & CITRON CONFIT, DOSE, ",1,1.0,0,2470.1,1598.6
"RIVOIRE & CARRET, LEGUMES, PROVENCALE, POT, ",1,1.0,0,2462.8,2733.600000000001
"ITALIANS DO IT BETTER, LEGUMES, TOM PIMENT, POT, ",1,1.0,0,2441.7,0.0
"AUT MQ, PESTO, PESTO A LA TRUFFE, POT, ",1,1.0,0,2388.7,1529.1
"AUT MQ, LEGUMES, TOM POIVR, POT, ",1,1.0,0,2381.2000000000007,2685.4
"AUT MQ, LEGUMES, TOM CERISE, POT, ",1,1.0,0,2366.2,2357.3
"AUT MQ, AUTRE GAMME, TRADITION, POT, ",1,1.0,0,2365.100000000001,0.0
"LUCIEN GEORGELIN, BOLO CLASSIQUE, BOLOGNAISE, POT, ",3,3.0,0,2309.8,4107.5
"AUT MQ, PESTO, BASILIC, POT, ",1,1.0,0,2309.5000000000005,2266.2000000000007
"AUT MQ, LEGUMES, FRITE AVEC DE L'HUILE D'OLIVE, POT, ",1,1.0,0,2218.5,1832.9
"AUT MQ, LEGUMES, PEPERONI, POT, ",1,1.0,0,2190.100000000001,0.0
"JARDIN BIO, BIO, 5 LEGUMES, DOY PAC, ",1,1.0,0,2155.3,3347.5
"AUT MQ, BIO, 6LEGUMES, POT, ",1,1.0,0,2094.0,1524.5
"AUT MQ, LEGUMES, NATURE, FLA PLAS, ",1,1.0,0,2060.4999999999995,987.9000000000003
"AUT MQ, CREME, CARBONARA, POT, ",5,4.0,1,2030.3000000000002,2628.7999999999997
"JARDIN BIO, BIO, LEGUME, TUB, ",1,1.0,0,1979.3,22323.6
"SACLA, LEGUMES, ECHA CHIANTI, POT, ",1,1.0,0,1978.3,2632.5000000000005
"JARDIN BIO, BIO, OLIV CAPRE, POT, ",1,1.0,0,1971.7,2681.8
"AUT MQ, LEGUMES, TOMATES BASILIC GENOVESE, POT, ",3,3.0,0,1933.5000000000005,3050.0
"AUT MQ, SCE CLAS, CURRY THAI COCO, POT, ",2,2.0,0,1930.0,249.2
"AUT MQ, PESTO, PESTO TOM SECHE, POT, ",1,1.0,0,1928.9,2424.5000000000005
"FLORELLI, LEGUMES, PUTTANESCA, POT, ",1,1.0,0,1897.0,0.0
"AUT MQ, PESTO, GENOVESE, POT, ",3,3.0,0,1891.8,1477.9999999999998
"AUT MQ, LEGUMES, CHAMPIGNON, POT, ",8,7.0,1,1871.1,2208.5
"LOUIS MARTIN, LEGUMES, PROVENCALE, POT, ",2,2.0,0,1852.9999999999995,2039.0
"AUT MQ, LEGUMES, POIV AUBER, POT, ",1,1.0,0,1849.9,3051.7000000000007
"POLLI, BIO, PESTO RGE, POT, ",1,1.0,0,1830.2000000000005,0.0
"AUT MQ, BIO, COURGETTES & AIL, POT, ",1,1.0,0,1796.1,74.5
"SUZY WAN, SCE CLAS, THAI COCO CURRY, POT, ",1,1.0,0,1787.4,3139.6
"AUT MQ, BOLO CLASSIQUE, BOLOG BOEUF, POT, ",2,1.0,1,1754.5,0.0
"AUT MQ, BIO, PESTO RGE, POT, ",3,3.0,0,1723.6,1499.3000000000002
"LE CABANON, LEGUMES, CHEVRE, POT, ",1,1.0,0,1596.9,2155.4
"AUT MQ, BIO, ROUGAIL MARMITE, POT, ",1,1.0,0,1595.4,508.30000000000007
"SACLA, BIO, LEGUME, POT, ",1,1.0,0,1588.9,2160.5
"AUT MQ, SCE CLAS, CITRON VERT CORIANDRE AU SEL D, DOY PAC, ",1,1.0,0,1583.3,2385.3
"AUT MQ, LEGUMES, SALSA ARRIERA, POT, ",1,1.0,0,1562.6,1455.4999999999998
"ITALIANS DO IT BETTER, AUTRE GAMME, RAGU DE VIANDE, POT, ",1,0.0,1,1543.7,0.0
"AUT MQ, CREME, CARBONARA, BTE FER, ",1,1.0,0,1533.4999999999998,0.0
"AUT MQ, AUT VIANDE, RIESLING BOEUF & LARDONS, POT, ",1,1.0,0,1529.1,2801.9999999999995
"AUT MQ, LEGUMES, TOMATES CERISE CILIEGINE AU BA, POT, ",1,1.0,0,1528.6,1335.5999999999995
"MUTTI, AUTRE GAMME, CHILI, POT, ",1,1.0,0,1526.8,0.0
"ITALIANS DO IT BETTER, SCE CLAS, PESTO AL LIMONE BASILIC & ZEST, POT, ",1,1.0,0,1512.7,0.0
"JARDIN BIO, SCE CLAS, CHAMPIGNON A LA CREME FRAICHE, POT, ",1,1.0,0,1511.9,1047.3000000000004
"AUT MQ, SCE CLAS, EPICEE STEAK AMERICAIN, POT, ",1,1.0,0,1504.0000000000002,1008.2
"AUT MQ, SCE CLAS, ARMORICAINE, POT, ",2,2.0,0,1475.3,1991.8
"MQ FAB 1 PRX, LEGUMES, BASILIC, POT, ",1,1.0,0,1465.4999999999998,0.0
"AUT MQ, BIO, TOSCANE, POT, ",1,1.0,0,1464.1999999999996,194.00000000000003
"AUT MQ, PESTO, PESTO GENOVESE BASIL, POT, ",1,1.0,0,1463.5,1329.8000000000004
"AUT MQ, BIO, CLASSIQUE, POT, ",1,1.0,0,1390.7999999999995,0.0
"SACLA, LEGUMES, BASILIC, DOY PAC, ",1,1.0,0,1369.4,1215.6
"AUT MQ, SCE CLAS, AJVAR EPICE, POT, ",1,1.0,0,1354.2999999999995,1565.4
"AUT MQ, LEGUMES, VERDURE, POT, ",1,1.0,0,1336.2000000000005,0.0
"AUT MQ, SCE CLAS, CHILLI SUCREE, FLA PLAS, ",1,1.0,0,1317.0,0.0
"AUT MQ, SCE CLAS, ROSE, POT, ",1,1.0,0,1306.5000000000002,3385.3999999999987
"AUT MQ, SCE CLAS, CEPE, DOSE, ",1,1.0,0,1276.6,0.0
"SUZY WAN, SCE CLAS, POULET FACON THAI, POT, ",1,1.0,0,1272.1,2003.4999999999993
"AUT MQ, LEGUMES, NATURE, BRIC, ",1,1.0,0,1248.8,0.0
"AUT MQ, BIO, BOLOGNAISE, POT, ",3,2.0,1,1230.6999999999998,0.0
"AUT MQ, BIO, AIL & PIMENT, POT, ",1,1.0,0,1216.1,0.0
"AUT MQ, BIO, ASPERGES & PARMESAN, POT, ",1,1.0,0,1205.0,1047.0
"RIVOIRE & CARRET, LEGUMES, BASQUAISE, POT, ",1,1.0,0,1195.8,4727.5
"MQ FAB 1 PRX, PESTO, PESTO BLC, POT, ",1,1.0,0,1194.2,1337.4
"AUT MQ, BIO, AUBER POIV, POT, ",1,1.0,0,1171.3000000000004,986.9
"AUT MQ, LEGUMES, PIQUILLOS, POT, ",1,1.0,0,1162.7,1122.0
"AUT MQ, PESTO, PESTO AU BASILIC DE GENES AOP, POT, ",1,1.0,0,1154.8,1222.3000000000004
"AUT MQ, SCE CLAS, PIRI PIRI A L'AIL, POT, ",1,1.0,0,1110.8,1028.3
"AUT MQ, BIO, RICOTTA & BASILIC, POT, ",1,1.0,0,1095.4,970.1
"AUT MQ, SCE CLAS, CURRY INDIENNE TIKKA MASALA, POT, ",1,0.0,1,1092.1,0.0
"PANZANI, PESTO, PESTO TOM SECHE, COUPELLE, ",1,1.0,0,1086.8000000000004,0.0
"AUT MQ, SCE CLAS, PESTO AU BASILICO GENOVESE DOP, POT, ",1,1.0,0,1079.1,748.9
"AUT MQ, BIO, TOMATE FRITE, POT, ",1,1.0,0,1043.8,873.0
"AUT MQ, LEGUMES, TOMATES CERISE CILIEGINE AU PI, POT, ",1,1.0,0,1043.2,909.1
"FLORELLI, SCE CLAS, OLIVES NOIRES & TOMATES SECHEE, POT, ",1,1.0,0,1034.6,0.0
"JARDIN BIO, SCE CLAS, POIVRE A LA CREME FRAICHE, POT, ",1,1.0,0,1002.6999999999997,708.4000000000002
"AUT MQ, LEGUMES, AIL & HERBES DE PROVENCE, POT, ",1,1.0,0,977.6,1209.5
"AUT MQ, AUT VIANDE, SMOKED BACON, POT, ",1,1.0,0,972.6,3544.8
"AUT MQ, SCE CLAS, CURRY INDIENNE TANDOORI, POT, ",1,1.0,0,962.1,0.0
"AUT MQ, SCE CLAS, PESTO CALABRESE, POT, ",2,2.0,0,962.0,887.8
"AUT MQ, BIO, HERBES, POT, ",1,1.0,0,951.1,0.0
"CIRIO, LEGUMES, BASILIC, BTE FER, ",1,1.0,0,951.0,2269.0
"AUT MQ, SCE CLAS, MOUSS CHAMP, DOY PAC, ",1,1.0,0,948.0,1893.6000000000006
"AUT MQ, LEGUMES, PIMENT, POT, ",3,2.0,1,936.1999999999999,785.6000000000001
"AUT MQ, SCE CLAS, TERIYAKI A L'AIL CONFIT, POT, ",1,1.0,0,926.2,2335.4
"LE CABANON, BOLO ORIGINALE, BOLOGNAISE AU VIN AOP, POT, ",1,1.0,0,920.7,1080.1999999999996
"AUT MQ, SCE CLAS, MORILLES A LA CREME, POT, ",1,1.0,0,885.0999999999998,1388.1999999999996
"AUT MQ, LEGUMES, CEPE, POT, ",9,2.0,7,881.9000000000001,1234.3000000000002
"AUT MQ, LEGUMES, AIL, POT, ",1,0.0,1,877.1999999999998,692.4
"AUT MQ, SCE CLAS, CURRY INDIENNE KORMA, POT, ",1,1.0,0,872.5,0.0
"AUT MQ, SCE POISSON, CAPRE OLIV, POT, ",1,1.0,0,858.2,473.4
"AUT MQ, LEGUMES, HUILE D'OLIVE VIERGE EXTRA, POT, ",1,1.0,0,850.0000000000001,252.5
"MQ FAB 1 PRX, AUTRE GAMME, ORIGAN, POT, ",1,1.0,0,849.0,0.0
"AUT MQ, BOLO CLASSIQUE, BOLOGNESE, POT, ",3,3.0,0,843.0000000000002,1034.3
"AUT MQ, PESTO, PEST ARTIC, POT, ",1,1.0,0,841.8000000000003,402.6
"AUT MQ, LEGUMES, TOM SECHE, POT, ",3,1.0,2,841.5,1080.8000000000002
"AUT MQ, LEGUMES, TOMATE AIL & HERBES DE PROVENC, POT, ",2,1.0,1,805.6999999999998,1923.0
"AUT MQ, SCE CLAS, TIKKA MASALA, DOY PAC, ",1,1.0,0,804.2,0.0
"AUT MQ, SCE CLAS, CURRY JAUNE THAI, AUT EMB, ",1,1.0,0,803.5,641.4
"SACLA, PESTO, PESTO BASILIC & TOFU & CHANVRE, POT, ",1,1.0,0,797.3,564.7
"MQ FAB 1 PRX, SCE POISSON, OLIV CAPRE, POT, ",1,1.0,0,794.1,0.0
"AUT MQ, SCE CLAS, DUO DE SAUMON CREME CITRONNEE, POT, ",1,1.0,0,783.0,454.5
"AUT MQ, LEGUMES, BRUSCHETTA, POT, ",5,3.0,2,779.3,2352.8
"AUT MQ, SCE CLAS, TRUFFE D'ETE, POT, ",1,1.0,0,766.6000000000001,493.7
"AUT MQ, SCE CLAS, COCO CURRY, POT, ",1,1.0,0,764.6,406.8
"BARILLA, PESTO, PESTO CALABRESE, POT, ",1,1.0,0,762.6,251.8
"SACLA, LEGUMES, ARRABIATA, DOY PAC, ",1,1.0,0,757.2,336.0
"PANZANI, QUALITE FRAICHEMENT CUISINEE, OLIVE, POT, ",1,1.0,0,748.8,28544.6
"MQ FAB 1 PRX, LEGUMES, AUBERGINE, POT, ",1,1.0,0,745.2,0.0
"AUT MQ, SCE CLAS, TIKKA MASALA EPICE, POT, ",1,1.0,0,745.1,0.0
"PANZANI, CREME, PIZZA, POT, ",1,1.0,0,731.8000000000002,5588.000000000001
"SACLA, LEGUMES, NAPOLITAIN, DOY PAC, ",1,1.0,0,730.6,438.3
"JARDIN BIO, BIO, PASTA, POT, ",1,1.0,0,720.3,7150.6
"AUT MQ, SCE CLAS, TIKKA MASALA, POT, ",2,2.0,0,707.3,0.0
"LOUIS MARTIN, PESTO, PESTO VERD, POT, ",1,1.0,0,692.3000000000002,723.1
"AUT MQ, SCE CLAS, POISSON, POT, ",1,1.0,0,691.0999999999998,1387.2
"CASERTA, LEGUMES, BASILIC, POT, ",1,1.0,0,677.1,467.30000000000007
"AUT MQ, LEGUMES, PIQUANTE, POT, ",2,1.0,1,663.3999999999999,646.6999999999998
"AUT MQ, SCE CLAS, CEPES & AU JUS DE TRUFFES NOIR, BTE FER, ",1,1.0,0,662.8000000000002,517.3
"AUT MQ, SCE CLAS, AJVAR PAPRIKA, POT, ",1,1.0,0,659.1,744.9000000000002
"LE CABANON, LEGUMES, OLIVE, POT, ",1,1.0,0,657.6,1163.4
"FLORELLI, SCE CLAS, TARTUFATA, POT, ",1,1.0,0,654.6000000000001,0.0
"AUT MQ, AUT VIANDE, AMATRICIAN, POT, ",6,5.0,1,648.7000000000003,927.5000000000001
"CIRIO, AUTRE GAMME, CLASSICA, BTE FER, ",1,1.0,0,646.1,1949.9
"FLORELLI, SCE CLAS, OLIVES VERTES & PISTACHES, POT, ",1,1.0,0,638.0999999999998,0.0
"AUT MQ, LEGUMES, AUBERGINE, POT, ",2,1.0,1,629.9,794.5999999999999
"SACLA, LEGUMES, AIL ROTI, DOY PAC, ",1,1.0,0,620.5,263.40000000000003
"AUT MQ, BIO, RICOTTA, POT, ",1,1.0,0,617.0,0.0
"AUT MQ, SCE CLAS, AUBERGINE & PARMESAN & CREME D, POT, ",1,1.0,0,616.8000000000002,863.2
"AUT MQ, BIO, LEG GRILLE, POT, ",1,1.0,0,615.6999999999998,0.0
"AUT MQ, BIO, BOLOGNAISE AU SOJA, POT, ",1,1.0,0,606.6000000000001,0.0
"AUT MQ, SCE CLAS, CURRY VERT & LEGUMES, AUT EMB, ",1,1.0,0,602.5,0.0
"AUT MQ, BOLO ORIGINALE, RAGU BOLOGNESE, POT, ",1,1.0,0,595.6999999999998,759.9
"AUT MQ, SCE CLAS, HUITRE AIL, POT, ",1,1.0,0,588.9,536.3
"AUT MQ, SCE CLAS, CREME AUX POIREAUX, DOSE, ",1,1.0,0,587.7,314.80000000000007
"AUT MQ, SCE CLAS, BIFANA, POT, ",1,1.0,0,579.0,479.0
"SACLA, SCE CLAS, PESTO AUX AUBERGINES GRILLEES, POT, ",1,1.0,0,579.0,0.0
"SACLA, BIO, QUINOA ROUGE EDAMAME, POT, ",1,1.0,0,570.4,283.50000000000006
"AUT MQ, LEGUMES, AUBERGINE & PARMESAN, POT, ",1,1.0,0,568.0,1426.8000000000004
"POLLI, PESTO, PESTO VERD, POT, ",1,1.0,0,561.5000000000001,795.7
"AUT MQ, SCE CLAS, SARDINE, POT, ",1,1.0,0,551.8,626.4
"AUT MQ, SCE CLAS, POIVRONS DEL PIQUILLO, POT, ",1,1.0,0,551.1,0.0
"ZAPETTI BUITONI, BOLO ORIGINALE, BOLOGNAISE FONDUE D'ECHALOTES, POT, ",4,3.0,1,548.2,14977.2
"FLORELLI, SCE CLAS, ARTICHAUTS & TRUFFE, POT, ",1,1.0,0,544.0,0.0
"FLORELLI, SCE CLAS, PESTO RUSTICO AI CARCIOFI, POT, ",1,1.0,0,529.0,1774.6
"MQ FAB 1 PRX, SCE CLAS, PESTO CALABRESE, POT, ",1,0.0,1,526.7,1241.3000000000004
"AUT MQ, LEGUMES, RICOTTA, POT, ",4,2.0,2,522.4000000000001,1017.0
"AUT MQ, BOLO ORIGINALE, BOLOGNESE SOJA, POT, ",1,1.0,0,513.7,1324.7999999999995
"AUT MQ, LEGUMES, CHEVRE & MIEL DE PROVENCE IGP, POT, ",1,1.0,0,501.7,664.4000000000002
"AUT MQ, BIO, AUBERGINES & PARMESAN & BASILI, POT, ",1,1.0,0,500.5,0.0
"ITALIANS DO IT BETTER, BIO, CEPE, POT, ",1,1.0,0,498.7000000000001,0.0
"AUT MQ, SCE CLAS, ROUGAIL, POT, ",1,1.0,0,498.50000000000006,582.5
"AUT MQ, SCE CLAS, HOMARD A LA CREME FRAICHE & AU, DOY PAC, ",1,0.0,1,498.0,654.4
"FLORELLI, SCE CLAS, PESTO ALLA GENOVESE SENZA AGLI, POT, ",1,1.0,0,496.9,2484.6
"CASERTA, BOLO CLASSIQUE, BOLOGNAISE, POT, ",1,0.0,1,488.50000000000006,430.4
"AUT MQ, SCE CLAS, CANARD LAQUE, POT, ",1,1.0,0,481.9,1379.3000000000004
"AUT MQ, SCE CLAS, TRUFFE D'ETE, DOSE, ",1,1.0,0,479.7,0.0
"AUT MQ, BIO, AUBERGINE, POT, ",2,2.0,0,472.5,176.1
"AUT MQ, LEGUMES, TOMATE CHEVRE MIEL, POT, ",2,1.0,1,470.30000000000007,595.8000000000001
"ITALIANS DO IT BETTER, BIO, GENOVESE BIO, POT, ",1,1.0,0,465.8,0.0
"FLORELLI, LEGUMES, LEG GRILLE, POT, ",1,1.0,0,456.6,1320.1999999999996
"SACLA, CREME, 4FROMAGES, POT, ",1,1.0,0,455.3,2901.8
"ITALIANS DO IT BETTER, BIO, OLIVE, POT, ",1,1.0,0,447.2,0.0
"AUT MQ, CREME, CR CHAMP, DOSE, ",1,1.0,0,442.0,269.8
"AUT MQ, SCE CLAS, PESTO AU BASILIC A LA TRUFFE B, POT, ",1,1.0,0,441.3,304.4000000000001
"AUT MQ, LEGUMES, PARMESAN, POT, ",2,2.0,0,439.79999999999995,1448.9
"AUT MQ, BIO, PESTO VERD, TUB, ",1,1.0,0,435.8,380.30000000000007
"AUT MQ, BIO, GENOVESE BIO, POT, ",2,2.0,0,427.7,139.70000000000002
"AUT MQ, SCE CLAS, CREME DE BRESSE AOP & LARDONS, POT, ",1,1.0,0,413.19999999999993,566.5000000000001
"SACLA, PESTO, PEST ARTIC, POT, ",1,1.0,0,410.8,1363.1
"AUT MQ, SCE CLAS, CARAMEL ASIATIQUE, POT, ",1,1.0,0,402.4,411.6
"AUT MQ, SCE CLAS, ALGUES LAITUE DE MER & CITRON, POT, ",1,1.0,0,400.3,740.5
"CASERTA, LEGUMES, NAPOLITAIN, POT, ",1,1.0,0,399.7000000000001,377.6
"BARILLA, AUT VIANDE, AMATRICIAN, POT, ",1,1.0,0,396.19999999999993,336.00000000000006
"ITALIANS DO IT BETTER, AUT VIANDE, PANCETTA FUMEE, POT, ",1,1.0,0,392.6,465.99999999999983
"ITALIANS DO IT BETTER, BIO, BASILIC, POT, ",1,1.0,0,389.4,0.0
"AUT MQ, SCE CLAS, CURRY INDIENNE CURRY DOUX, POT, ",1,0.0,1,388.5,0.0
"AUT MQ, LEGUMES, CREME DE BALSAMIQUE, POT, ",1,1.0,0,386.8,959.3
"AUT MQ, BIO, PESTO TOM, POT, ",1,1.0,0,386.5,315.7999999999999
"AUT MQ, PESTO, PISTOU NICOIS, POT, ",1,1.0,0,364.7,503.50000000000006
"AUT MQ, PESTO, PESTO BALSAMIQUE, POT, ",1,1.0,0,362.8,498.4
"LOUIS MARTIN, BIO, PROVENCALE, POT, ",1,1.0,0,355.20000000000016,310.50000000000006
"AUT MQ, BIO, SALSA, POT, ",1,1.0,0,353.1,165.1
"AUT MQ, PESTO, PESTO PIMENTE, POT, ",1,1.0,0,341.6,458.2000000000001
"AUT MQ, LEGUMES, SALS MEXI CASERA, POT, ",1,1.0,0,340.1,1108.4
"AUT MQ, SCE CLAS, COCO THAI, POT, ",1,1.0,0,338.6,381.1
"AUT MQ, SCE CLAS, ALGUES DULSE & TOMATES, POT, ",1,1.0,0,330.6,362.7000000000001
"AUT MQ, LEGUMES, PUTTANESCA, POT, ",5,3.0,2,321.20000000000005,924.4999999999999
"AUT MQ, SCE CLAS, CURRY MADRAS & LAIT DE COCO, POT, ",1,1.0,0,320.00000000000006,540.5
"AUT MQ, BIO, CAVIAR D'AUBERGINES, POT, ",1,1.0,0,316.10000000000014,0.0
"AUT MQ, SCE CLAS, ORIENTAL SATAY, POT, ",1,1.0,0,314.4,7.7
"AUT MQ, BIO, PEPERONI, POT, ",1,1.0,0,313.9,0.0
"AUT MQ, SCE CLAS, PERIGUEUX TRUFFEE A 1%, BTE FER, ",1,1.0,0,309.2000000000001,316.60000000000014
"AUT MQ, LEGUMES, TRUFFE, POT, ",2,2.0,0,302.6,505.30000000000007
"AUT MQ, BIO, BOLOGNAISE & HUILE D'OLIVE EXT, POT, ",1,1.0,0,302.4,388.8
"BARILLA, LEGUMES, NATURE, POT, ",1,1.0,0,300.0,294.4
"AUT MQ, BIO, BRUSCHETTA, POT, ",1,1.0,0,292.1,99.4
"MUTTI, LEGUMES, DATTERINI, POT, ",2,2.0,0,286.1,7071.6
"BARILLA, LEGUMES, PUTTANESCA, POT, ",1,1.0,0,283.2999999999999,205.2
"LOUIS MARTIN, BIO, BASILIC, POT, ",1,1.0,0,281.6,275.0
"AUT MQ, BIO, OLIVES & RICOTTA, POT, ",1,1.0,0,279.2,0.0
"AUT MQ, SCE CLAS, MOUSSELINE, DOSE, ",1,1.0,0,276.6,26.6
"AUT MQ, LEGUMES, SALSA TAQUERA, POT, ",1,1.0,0,275.6,1684.2
"AUT MQ, LEGUMES, COURGETTES & PARMESAN AOP, POT, ",1,1.0,0,272.4,753.8999999999999
"AUT MQ, AUTRE GAMME, CARRI, POT, ",1,1.0,0,271.90000000000003,354.1
"AUT MQ, BIO, PESTO OLIV, POT, ",1,1.0,0,270.6,248.9
"AUT MQ, BIO, SEITAN, POT, ",1,1.0,0,269.3,0.0
"AUT MQ, BIO, NATURE, POT, ",1,1.0,0,265.6,110.0
"POLLI, PESTO, PEST SICIL, POT, ",1,1.0,0,263.30000000000007,493.1
"AUT MQ, BIO, BASILIC, BRIC, ",1,1.0,0,263.2,0.0
"LOUIS MARTIN, LEGUMES, TOMATE CUI, BTE FER, ",1,1.0,0,261.40000000000003,247.0
"AUT MQ, SCE CLAS, GESIERS, POT, ",1,1.0,0,259.2,243.0
"LE CABANON, BOLO CLASSIQUE, BOLOGNAISE, POT, ",2,2.0,0,254.79999999999998,1707.6999999999996
"CASERTA, LEGUMES, BRUSCHETTA, POT, ",1,1.0,0,251.6,170.19999999999996
"AUT MQ, BOLO CLASSIQUE, ITALIEN, POT, ",2,1.0,1,248.90000000000003,241.6
"AUT MQ, SCE CLAS, PISTOU BASILIC, POT, ",1,1.0,0,242.8,331.0
"POLLI, LEGUMES, ARRABIATA, POT, ",1,1.0,0,232.4,504.1
"AUT MQ, SCE CLAS, ALGUES NORI & CEPES & MORILLES, POT, ",1,1.0,0,225.1,271.30000000000007
"ITALIANS DO IT BETTER, BIO, PESTO RGE, POT, ",1,1.0,0,222.8,0.0
"SACLA, CREME, CARBONARA ITALIANA, POT, ",1,1.0,0,219.4,1421.1999999999996
"AUT MQ, SCE CLAS, MIRIN, POT, ",1,1.0,0,218.7,391.4
"AUT MQ, SCE CLAS, SAUCE SUPREME A LA TRUFFE DU P, POT, ",1,0.0,1,217.40000000000003,214.90000000000003
"BARILLA, PESTO, PEST NOIX RICO, POT, ",2,2.0,0,213.10000000000005,225.7
"BARILLA, BOLO CLASSIQUE, RAGU CONTADINO CON VINO ROSSO, POT, ",1,1.0,0,212.4,273.2
"AUT MQ, SCE CLAS, BRUSCHETTA OLIVES NOIRES, POT, ",1,0.0,1,209.5,57.79999999999999
"SACLA, LEGUMES, TOMATES CERISES & BASILIC, POT, ",2,2.0,0,202.9,4385.9
"CASERTA, LEGUMES, PRIMAVERA, POT, ",1,1.0,0,197.3,197.99999999999997
"AUT MQ, LEGUMES, OLIV CAPRE, POT, ",1,1.0,0,189.00000000000003,180.7
"AUT MQ, LEGUMES, ARTICHAUTS RICOTTA, POT, ",1,1.0,0,181.1,244.1
"LOUIS MARTIN, BIO, BOLOGNAISE, POT, ",1,1.0,0,176.4,201.9
"POLLI, LEGUMES, OLIVE, POT, ",2,1.0,1,162.1,240.6
"BARILLA, SCE POISSON, THON, POT, ",1,1.0,0,158.4,145.99999999999997
"AUT MQ, PESTO, PESTO AIL OURS, POT, ",1,1.0,0,155.50000000000003,143.5
"AUT MQ, SCE CLAS, PESTO ROSSO PIMENTE, POT, ",1,1.0,0,154.8,201.2
"AUT MQ, AUTRE GAMME, PIQUANTE CALABRESE, POT, ",1,0.0,1,154.8,149.2
"AUT MQ, SCE CLAS, LEGUMES DU SOLEIL, DOSE, ",1,1.0,0,146.3,166.4
"AUT MQ, CREME, CREMOLIVA, POT, ",1,1.0,0,141.5,665.4999999999999
"AUT MQ, SCE CLAS, VIANDE DE BOEUF DE RACE PODOLI, POT, ",1,1.0,0,130.4,271.90000000000003
"AUT MQ, SCE CLAS, MADRAS SAUCE CURRY EPICEE AUX, POT, ",1,1.0,0,129.5,497.0
"VICTORIA, LEGUMES, NAPOLITAIN, POT, ",1,0.0,1,128.79999999999998,721.5999999999998
"AUT MQ, AUTRE GAMME, TRUFFE D'ETE, POT, ",1,1.0,0,125.30000000000004,0.0
"AUT MQ, SCE POISSON, THON, POT, ",2,2.0,0,122.5,114.0
"AUT MQ, AUTRE GAMME, CLOVISSE, POT, ",1,1.0,0,118.5,97.3
"AUT MQ, SCE CLAS, CHAMP TRUF, POT, ",1,1.0,0,106.0,336.6
"PANZANI, A CUISINER, PLT BASQUAISE, POT, ",1,1.0,0,101.8,2908.7000000000007
"AUT MQ, SCE CLAS, CEPE, POT, ",1,0.0,1,100.0,0.0
"AUT MQ, PESTO, PESTO VERD, TUB, ",1,1.0,0,98.4,258.20000000000005
"AUT MQ, PESTO, PISTOU ROUGE, POT, ",1,1.0,0,98.2,282.1
"AUT MQ, SCE CLAS, PESTO VERDE ALLA GENOVESE, POT, ",1,1.0,0,86.89999999999998,56.40000000000001
"DE CECCO, PESTO, PESTO VERD, POT, ",1,1.0,0,85.60000000000002,51.0
"LUCIEN GEORGELIN, LEGUMES, POIV AUBER, POT, ",2,1.0,1,82.5,3098.4000000000005
"AUT MQ, LEGUMES, SPAGHETTI, POT, ",1,0.0,1,82.49999999999997,56.5
"PANZANI, PESTO, PESTO VERD, DOY PAC, ",1,1.0,0,82.0,113.0
"DE CECCO, LEGUMES, HUILE D'OLIVE VIERGE EXTRA, POT, ",1,1.0,0,80.40000000000002,64.0
"LOUIS MARTIN, LEGUMES, TOM OLIVE, POT, ",1,1.0,0,80.29999999999998,37.7
"SACLA, LEGUMES, POTI PARME, POT, ",1,1.0,0,77.10000000000002,449.5
"PANZANI, PESTO, PESTO VERD, FLA PLAS, ",1,1.0,0,75.39999999999998,11821.9
"LE CABANON, LEGUMES, PROVENCALE, POT, ",3,2.0,1,75.2,511.70000000000005
"AUT MQ, BIO, LEGUMES A LA SICILIENNE, POT, ",1,1.0,0,74.2,1054.6
"ZAPETTI BUITONI, LEGUMES, POULET ROTI EN MARMITE AUX HER, POT, ",1,1.0,0,68.7,6072.2
"POLLI, LEGUMES, ARTICHAUT, POT, ",1,1.0,0,66.2,98.6
"PANZANI, LEGUMES, ARRABIATA, POT, ",2,1.0,1,66.10000000000002,6329.300000000001
"AUT MQ, SCE CLAS, POMODORINO CILIEGINO & PEPERON, POT, ",1,1.0,0,62.8,332.5
"LUCIEN GEORGELIN, LEGUMES, AIL & PIMENT D'ESPELETTE, POT, ",2,1.0,1,61.90000000000001,7325.700000000001
"AUT MQ, LEGUMES, CURRY, POT, ",1,0.0,1,61.3,68.0
"LOUIS MARTIN, LEGUMES, NAPOLITAIN, POT, ",1,1.0,0,58.00000000000001,65.80000000000001
"LOUIS MARTIN, BOLO CLASSIQUE, ITALIEN, BTE FER, ",1,0.0,1,55.69999999999999,35.4
"AUT MQ, SCE CLAS, OLIVETTE, POT, ",1,1.0,0,54.8,70.1
"AUT MQ, LEGUMES, TOMATE CERISE CILIEGINE, POT, ",1,1.0,0,51.4,335.9000000000001
"AUT MQ, SCE CLAS, TERIYAKI MARINADE, POT, ",2,2.0,0,51.3,232.00000000000006
"AUT MQ, LEGUMES, SAUCE CARI, POT, ",1,0.0,1,51.10000000000001,158.4
"LOUIS MARTIN, LEGUMES, CHAMPIGNON, POT, ",1,0.0,1,50.6,86.2
"AUT MQ, SCE CLAS, AJVAR AUX TOMATES & EPICES, POT, ",1,1.0,0,49.4,160.39999999999995
"AUT MQ, BIO, PIMENT, POT, ",1,1.0,0,48.2,308.9000000000001
"AUT MQ, AUTRE GAMME, ENCRE SEIC, POT, ",2,0.0,2,46.6,53.300000000000004
"SACLA, LEGUMES, TOM CERISE ORIGAN, POT, ",2,2.0,0,41.9,278.1
"DE CECCO, LEGUMES, OLIVE, POT, ",1,1.0,0,40.8,40.79999999999999
"AUT MQ, BIO, PIGNONS DE PAIN, POT, ",1,1.0,0,40.6,326.9000000000001
"AUT MQ, SCE CLAS, PESTO ROUGE DANS HUILE DE TOUR, POT, ",1,1.0,0,40.5,99.1
"BARILLA, LEGUMES, PIZZA, POT, ",2,1.0,1,39.6,3.6
"POLLI, PESTO, PESTO ALLA CALABRESE, POT, ",1,1.0,0,39.6,181.9
"AUT MQ, AUT VIANDE, PEPPERONI, POT, ",1,1.0,0,38.0,294.9
"DE CECCO, BOLO CLASSIQUE, BOLOGNESE, POT, ",1,1.0,0,36.39999999999999,48.4
"ZAPETTI BUITONI, LEGUMES, PIQUANTE, BTE FER, ",3,1.0,2,34.8,675.5999999999999
"AUT MQ, LEGUMES, BOLET CEPE, POT, ",1,1.0,0,33.2,84.19999999999997
"POLLI, LEGUMES, TOM SECHE, POT, ",1,1.0,0,31.300000000000004,58.8
"POLLI, LEGUMES, POIVRON, POT, ",1,1.0,0,30.399999999999995,79.60000000000002
"AUT MQ, SCE CLAS, CREMEE AUX MORILLES, DOY PAC, ",1,1.0,0,29.6,718.7
"PANZANI, CREME, LASAGNES, POT, ",1,1.0,0,29.0,1108.1
"AUT MQ, PESTO, PESTO MENTHE, POT, ",1,1.0,0,27.9,89.80000000000003
"SACLA, AUTRE GAMME, RADICCHIO & NOIX, POT, ",1,1.0,0,26.3,991.1
"AUT MQ, BIO, COURGETTE, POT, ",1,1.0,0,26.1,23.2
"PANZANI, LEGUMES, BASILIC CISELE, POT, ",1,0.0,1,23.700000000000006,3430.2000000000007
"AUT MQ, AUT VIANDE, SAUCISSE, BTE FER, ",1,1.0,0,23.700000000000006,0.0
"BUITONI, BOLO CLASSIQUE, ITALIEN, BTE FER, ",2,0.0,2,23.6,8.0
"ZAPETTI BUITONI, EXOTIQUE, INDIENNE CURRY & CORIANDRE, POT, ",1,1.0,0,21.3,1091.8
"SACLA, LEGUMES, CAVIAR TOM AMANDE, POT, ",1,1.0,0,19.4,1636.1
"DE CECCO, LEGUMES, VERDURE, POT, ",1,0.0,1,19.200000000000006,13.2
"AUT MQ, LEGUMES, MIEL & AUX PIGNONS, POT, ",1,1.0,0,18.6,89.8
"BARILLA, BOLO ORIGINALE, BOLOGNESE VERDURE MEDITERRANEE, POT, ",1,1.0,0,18.4,528.0
"AUT MQ, SCE CLAS, ASSORT, POT, ",3,1.0,2,18.3,1070.7
"AUT MQ, SCE CLAS, CURRY & A L'AIL POUR WOK, POT, ",1,1.0,0,18.0,35.8
"AUT MQ, SCE CLAS, BECHAMEL HERBES & EPICES, POT, ",1,1.0,0,17.700000000000006,249.8
"MUTTI, LEGUMES, LEGUME, TUB, ",1,1.0,0,16.200000000000006,23.8
"AUT MQ, BIO, CEPES, POT, ",1,1.0,0,15.7,15.3
"BARILLA, PESTO, PESTO RUSTICO AUBERGINE AUX HE, POT, ",1,1.0,0,15.3,892.3000000000002
"SACLA, LEGUMES, TOMATES CERISES PARMESAN, POT, ",2,2.0,0,14.0,5387.099999999999
"PANZANI, LEGUMES, TOMATES BASILIC FROMAGES ITALIENS, POT, ",1,1.0,0,14.0,239.2
"AUT MQ, LEGUMES, PIMENT D'ESPELETTE, POT, ",1,0.0,1,13.6,80.2
"AUT MQ, SCE CLAS, AJVAR VERT, POT, ",1,1.0,0,13.2,236.0
"AUT MQ, PESTO, OLIVES FACON PESTO VERT, POT, ",1,1.0,0,12.9,2781.7
"AUT MQ, PESTO, OLIVES FACON PESTO ROSSO, POT, ",1,1.0,0,12.5,2786.600000000001
"AUT MQ, LEGUMES, LANGUEDOC, POT, ",1,0.0,1,11.6,25.4
"PANZANI, CREME, PROVENCALE, POT, ",1,1.0,0,11.5,934.0
"BARILLA, PESTO, PESTO VERD, DOY PAC, ",1,1.0,0,11.5,7.0
"AUT MQ, LEGUMES, CITRON CONFIT & OLIVES, POT, ",1,1.0,0,11.5,3895.900000000001
"AUT MQ, LEGUMES, HOT MISTRAL, POT, ",1,1.0,0,10.5,7.399999999999999
"AUT MQ, LEGUMES, BRASERO, POT, ",1,0.0,1,10.200000000000003,3.0
"AUT MQ, LEGUMES, GINGER TONIC, POT, ",1,0.0,1,9.900000000000002,4.199999999999998
"PANZANI, LEGUMES, PROVENCALE, TUB, ",1,1.0,0,9.4,200.0
"AUT MQ, LEGUMES, PROVENCALE, BTE FER, ",1,0.0,1,9.2,48.4
"AUT MQ, LEGUMES, RIVIERA, POT, ",1,0.0,1,9.2,6.099999999999999
"MUTTI, LEGUMES, PIMENT, POT, ",1,1.0,0,8.8,18.2
"MUTTI, LEGUMES, LEG GRILLE, POT, ",1,1.0,0,8.200000000000001,28.899999999999995
"AUT MQ, LEGUMES, OLIVES PROVENCALE, POT, ",1,1.0,0,7.6,4740.0999999999985
"AUT MQ, SCE CLAS, THAI STEAK, POT, ",1,1.0,0,7.399999999999999,6.499999999999999
"AUT MQ, LEGUMES, AIL ROTI, POT, ",1,1.0,0,7.1,471.1
"ZAPETTI BUITONI, LEGUMES, FROMAGE, POT, ",2,1.0,1,6.7,522.8
"AUT MQ, BIO, PUTTANESCA, POT, ",1,1.0,0,6.6,14.4
"AUT MQ, SCE CLAS, BEURRE BLANC & CITRON CONFIT, DOY PAC, ",1,0.0,1,5.2,222.1
"PANZANI, LEGUMES, OLIVE, POT, ",1,1.0,0,5.1,550.7
"AUT MQ, SCE CLAS, BECHAMEL CHAMPIGNONS & PARMESA, POT, ",1,0.0,1,5.0,115.7
"BUITONI, LEGUMES, NATURE, BTE FER, ",2,0.0,2,4.6,1.8
"ZAPETTI BUITONI, BOLO CLASSIQUE, BOLOGNAISE AU BOEUF RISSOLE, POT, ",1,0.0,1,4.6,509.8
"MUTTI, LEGUMES, OLIVE, POT, ",1,1.0,0,4.5,10.6
"AUT MQ, LEGUMES, CHAMP PORCI, POT, ",1,0.0,1,4.5,5.4
"SACLA, AUTRE GAMME, OIGNONS BORETTANE & PISTACHES, POT, ",1,1.0,0,3.9,62.7
"PANZANI, CREME, CAMPAGNARD, POT, ",1,1.0,0,3.5,61.5
"AUT MQ, SCE CLAS, PIMENT DOUX & AIL, SAC, ",1,1.0,0,3.4,194.1
"PANZANI, LEGUMES, 6LEGUMES, POT, ",1,1.0,0,3.2,3277.2
"FLORELLI, BIO, ARRABIATA, POT, ",1,1.0,0,3.1,23.8
"PANZANI, BOLO BALLS, KNACKS, POT, ",1,1.0,0,2.8,12.8
"AUT MQ, SCE CLAS, CITRON VERT PIMENT DOUX, AUT EMB, ",1,0.0,1,2.7,110.9
"LUCIEN GEORGELIN, LEGUMES, CAPRE, POT, ",1,1.0,0,2.7,190.9
"JARDIN BIO, BIO, BASILIC & PARMESAN, POT, ",1,1.0,0,2.6,31.8
"AUT MQ, PESTO, PEST BASIL PARM, POT, ",1,1.0,0,2.6,12.700000000000005
"AUT MQ, LEGUMES, OLIVES MEDITERRANEENNE, POT, ",1,1.0,0,2.6,1266.9
"AUT MQ, LEGUMES, 2 TOMATES, POT, ",1,1.0,0,2.5,26.3
"PANZANI, A CUISINER, PLT CREME CHAMP, POT, ",1,1.0,0,2.4,264.9
"AUT MQ, LEGUMES, DATTERINI, POT, ",1,1.0,0,2.1,12836.2
"SACLA, LEGUMES, TOM CERISE ROM, POT, ",2,2.0,0,2.1,75.6
"ZAPETTI BUITONI, LEGUMES, CALIENTE ARRABBIATA & PIMENT &, POT, ",1,1.0,0,2.0,195.0
"AUT MQ, BOLO ORIGINALE, BOLOG BASI, POT, ",1,1.0,0,2.0,0.0
"AUT MQ, LEGUMES, TOMATE CUSINEE A L'ANCIENNE, POT, ",1,1.0,0,2.0,10.8
"AUT MQ, SCE CLAS, VIERGE A LA PROVENCALE, POT, ",1,1.0,0,2.0,38.7
"SACLA, LEGUMES, ASP VRTE, POT, ",1,1.0,0,1.8,47.1
"BARILLA, BOLO ORIGINALE, BOLOGNESE CHAMPIGNONS & CEPES, POT, ",1,1.0,0,1.6,212.8
"SACLA, PESTO, PESTO VEGETARIEN, POT, ",1,1.0,0,1.5,29115.8
"AUT MQ, PESTO, PESTO RGE, TUB, ",1,0.0,1,1.4,21.1
"AUT MQ, LEGUMES, MELANZANE, POT, ",1,0.0,1,1.4,7.5
"ZAPETTI BUITONI, LEGUMES, GRECQUE COMPOTEE D'AUBERGINES, POT, ",1,1.0,0,1.2000000000000002,181.2
"POLLI, A CUISINER, RISOTTO TOM PARM, POT, ",1,1.0,0,1.2000000000000002,23.9
"PANZANI, BOLO BALLS, POULET, POT, ",2,2.0,0,1.2000000000000002,7.2
"MUTTI, LEGUMES, BASILIC, POT, ",1,1.0,0,1.1,30.100000000000005
"PANZANI, PESTO, RICOTTA, POT, ",1,1.0,0,1.0,24.3
"FLORELLI, LEGUMES, CAPRE OLIV, POT, ",1,1.0,0,0.8999999999999999,23.0
"AUT MQ, SCE CLAS, COCOCRAZY KORMA PASTE, POT, ",1,1.0,0,0.8999999999999999,164.6
"AUT MQ, SCE CLAS, POIVRE NOIR WOK, POT, ",1,1.0,0,0.8,21.4
"ZAPETTI BUITONI, LEGUMES, OLIVES CHAMPIGNONS A L'ORIGAN, POT, ",1,1.0,0,0.8,2.6
"PANZANI, BOLO ORIGINALE, AMERICAN BOLOGNAISE, POT, ",1,1.0,0,0.8,0.0
"PANZANI, LEGUMES, LEGUMES, FLA PLAS, ",1,1.0,0,0.6,0.8999999999999999
"BJORG, BIO, CHAMPIGNON, POT, ",1,1.0,0,0.6,108.1
"FLORELLI, LEGUMES, POIV RG, POT, ",1,1.0,0,0.6,15.3
"JARDIN BIO, BIO, OIGNONS & LARDONS, POT, ",2,1.0,1,0.4,51.0
"SACLA, LEGUMES, TOM CERISE SESAME, POT, ",1,1.0,0,0.4,1.6
"PANZANI, LEGUMES, TOMATES CUISINEES EMMENTAL, POT, ",1,1.0,0,0.4,44.4
"AUT MQ, LEGUMES, ROUGAIL, POT, ",3,2.0,1,0.4,853.7999999999998
"JARDIN BIO, BIO, PEST TOM PARM, POT, ",1,1.0,0,0.4,6.8
"AUT MQ, AUTRE GAMME, GIROLLE V NOIX, BTE FER, ",1,0.0,1,0.4,3.0
"AUT MQ, LEGUMES, TOM OIGNON, POT, ",1,0.0,1,0.3,3.9
"ZAPETTI BUITONI, BOLO CLASSIQUE, BOLOGNAISE, BRIC, ",1,1.0,0,0.3,802.4000000000002
"BJORG, BIO, CURRY, POT, ",1,1.0,0,0.3,118.6
"AUT MQ, SCE CLAS, ALGUES, DOY PAC, ",1,0.0,1,0.2,132.4
"AUT MQ, LEGUMES, BASILIC, DOY PAC, ",1,0.0,1,0.2,1.9
"LOUIS MARTIN, PESTO, PESTO RGE, POT, ",1,1.0,0,0.2,5.3
"AUT MQ, AUT VIANDE, PANCETTA FUMEE, POT, ",1,1.0,0,0.2,35.4
"VICTORIA, BOLO CLASSIQUE, BOLOGNAISE, POT, ",1,0.0,1,0.0,3.2
"AUT MQ, BIO, AUBERGINE CHEVRE, DOY PAC, ",1,0.0,1,0.0,0.2
"BARILLA, PESTO, TOM SECHE, POT, ",1,0.0,1,0.0,0.0
"HEINZ, LEGUMES, PARMESAN, BRIC, ",1,1.0,0,0.0,33.4
"HEINZ, LEGUMES, PARMESAN, DOY PAC, ",1,0.0,1,0.0,0.0
"HEINZ, LEGUMES, TOMATE CUI, BRIC, ",1,0.0,1,0.0,2.0
"BARILLA, LEGUMES, SICILIAN, POT, ",1,0.0,1,0.0,0.0
"HEINZ, LEGUMES, TOMATE CUITE HUILE OLIVE, BRIC, ",1,0.0,1,0.0,0.8
"BARILLA, PESTO, PEST OIG DX, POT, ",1,0.0,1,0.0,0.0
"BARILLA, LEGUMES, TOMATES CERISE ARRABBIATA, POT, ",1,0.0,1,0.0,0.2
"AUT MQ, AUTRE GAMME, ORANG, POT, ",2,0.0,2,0.0,0.3
"BARILLA, AUTRE GAMME, GORGONZOLA, POT, ",1,1.0,0,0.0,0.0
"SOLEILLANS, LEGUMES, SPAGHETTI, DOY PAC, ",1,1.0,0,0.0,1.5
"AUT MQ, SCE POISSON, VONGOLE, POT, ",1,0.0,1,0.0,6.8
"AUT MQ, SCE POISSON, TOMATES JAUNES & FILETS DE THO, POT, ",1,1.0,0,0.0,45.4
"AUT MQ, SCE POISSON, MOULE, POT, ",1,0.0,1,0.0,1.0
"AUT MQ, SCE POISSON, CLOVISSE, POT, ",1,0.0,1,0.0,4.6000000000000005
"AUT MQ, SCE POISSON, ANCHOIS, POT, ",1,0.0,1,0.0,0.8
"AUT MQ, SCE CLAS, YUZU, AUT EMB, ",1,0.0,1,0.0,69.9
"BARILLA, SCE CLAS, VONGOLE ALLE MARINARA, POT, ",1,1.0,0,0.0,19.4
"AUT MQ, LEGUMES, GRAN PAD PECO CHEESE, POT, ",1,0.0,1,0.0,0.0
"ZAPETTI BUITONI, BIO, PT LEGUME, POT, ",1,1.0,0,0.0,0.0
"HEINZ, LEGUMES, BASILIC, BRIC, ",1,0.0,1,0.0,0.3
"FLORELLI, LEGUMES, CHAMPIGNON, POT, ",1,1.0,0,0.0,8.8
"AUT MQ, AUT VIANDE, POITRINE DE PORC, POT, ",1,0.0,1,0.0,0.7
"FLORELLI, BIO, HOLV BASIL, POT, ",1,1.0,0,0.0,3.6
"ZAPETTI BUITONI, LEGUMES, PROVENCALE, POT, ",4,1.0,3,0.0,3.5
"AUT MQ, AUT VIANDE, TOSCANA, POT, ",1,0.0,1,0.0,0.0
"ZAPETTI BUITONI, LEGUMES, PROVENC LANGUE, POT, ",1,0.0,1,0.0,0.0
"AUT MQ, AUTRE GAMME, CALABRAIS, FLA PLAS, ",1,0.0,1,0.0,0.0
"AUT MQ, AUT VIANDE, JAMB SAUCI, POT, ",1,0.0,1,0.0,0.0
"ZAPETTI BUITONI, LEGUMES, NATURE, TUB, ",1,1.0,0,0.0,0.2
"ZAPETTI BUITONI, LEGUMES, NATURE, POT, ",2,1.0,1,0.0,0.0
"CASERTA, LEGUMES, BASILIC, BTE FER, ",1,0.0,1,0.0,0.0
"ZAPETTI BUITONI, LEGUMES, HERB PROV, POT, ",1,0.0,1,0.0,0.0
"BUITONI, LEGUMES, PARMESAN, POT, ",1,0.0,1,0.0,0.5
"BUITONI, LEGUMES, NAPOLITAIN, POT, ",1,0.0,1,0.0,0.3
"BUITONI, LEGUMES, BASILIC, POT, ",1,0.0,1,0.0,0.0
"ZAPETTI BUITONI, LEGUMES, CURRY A LA CORIANDRE, POT, ",1,1.0,0,0.0,3.1
"ZAPETTI BUITONI, LEGUMES, CHAMPIGNONS &  MASCARPONE, POT, ",2,1.0,1,0.0,193.0
"BUITONI, BOLO CLASSIQUE, BOLOGNAISE, POT, ",1,0.0,1,0.0,0.0
"ZAPETTI BUITONI, LEGUMES, BASILIC, POT, ",4,1.0,3,0.0,0.8
"ZAPETTI BUITONI, LEGUMES, AIL OIGNON, BRIC, ",5,1.0,4,0.0,32.40000000000001
"AUT MQ, SCE CLAS, TARTINABLE PIQUANTE DE LEGUMES, POT, ",1,1.0,0,0.0,0.0
"HEINZ, LEGUMES, AIL OIGNON, POT, ",1,1.0,0,0.0,0.0
"ZAPETTI BUITONI, BOLO CLASSIQUE, BOLOGNAISE BOEUF RISSOLE, POT, ",1,0.0,1,0.0,0.0
"ZAPETTI BUITONI, BOLO ORIGINALE, BOLO TEX MEX, POT, ",1,0.0,1,0.0,0.0
"AUT MQ, SCE CLAS, TANTALIZING TIKKA PASTE, POT, ",1,1.0,0,0.0,147.9
"AUT MQ, BIO, NOIX DE COCO ANANAS, POT, ",1,1.0,0,0.0,0.0
"AUT MQ, LEGUMES, TOMATE CUI, BTE FER, ",1,0.0,1,0.0,1.0
"AUT MQ, LEGUMES, AIL H OLIVE, POT, ",1,1.0,0,0.0,3.9000000000000012
"PANZANI, BOLO ORIGINALE, BOLOG JAMB, POT, ",1,1.0,0,0.0,0.8
"AUT MQ, SCE CLAS, ALGUES AU SEL DE GUERANDE, DOY PAC, ",1,0.0,1,0.0,33.3
"AUT MQ, SCE CLAS, AGLIO & OLIO & PEPERONCINO CAL, POT, ",1,0.0,1,0.0,0.0
"FLORELLI, BIO, LEG SOLEIL, POT, ",1,1.0,0,0.0,13.4
"AUT MQ, LEGUMES, ANDALOUSE, POT, ",1,0.0,1,0.0,0.6
"PANZANI, LEGUMES, FRAICHEUR, BTE FER, ",1,0.0,1,0.0,0.0
"AUT MQ, LEGUMES, AUBER OLIV OIL, POT, ",1,0.0,1,0.0,0.0
"PANZANI, LEGUMES, LEGUME, BTE FER, ",1,0.0,1,0.0,0.0
"SACLA, BIO, PIQUANTE TOMATES & POIVRONS &, POT, ",1,1.0,0,0.0,0.0
"PANZANI, LEGUMES, REC DU SUD, POT, ",1,0.0,1,0.0,1.2
"AUT MQ, LEGUMES, BOLET, POT, ",1,0.0,1,0.0,0.0
"JARDIN BIO, BIO, PEST BASIL PARM, POT, ",1,1.0,0,0.0,1.3
"SACLA, BIO, PANCETTA, POT, ",1,1.0,0,0.0,0.0
"AUT MQ, LEGUMES, BOLOGNESE, POT, ",1,1.0,0,0.0,6.4
"PANZANI, PESTO, PESTO DOUX TOMATES, POT, ",1,1.0,0,0.0,1.0
"PANZANI, PESTO, PESTO RGE, FLA PLAS, ",1,1.0,0,0.0,1.6
"AUT MQ, LEGUMES, SAUCE TOMATE AUBERGINES & BASI, POT, ",1,1.0,0,0.0,13.3
"PANZANI, SCE POISSON, OLIVES BASILIC THON, POT, ",1,1.0,0,0.0,0.0
"PANZANI, SCE POISSON, TOMATES CUISINES THON, POT, ",1,0.0,1,0.0,0.0
"SACLA, AUTRE GAMME, CHOCOLAT, POT, ",1,1.0,0,0.0,0.8
"SACLA, AUTRE GAMME, CHATAIGNES & POMMES, POT, ",1,1.0,0,0.0,0.0
"POLLI, A CUISINER, RISOTTO TOMATES & BASILIC, POT, ",1,0.0,1,0.0,0.0
"AUT MQ, LEGUMES, POMODORO, POT, ",1,0.0,1,0.0,0.0
"PANZANI, BOLO ORIGINALE, BOLOG BARBEC, POT, ",1,0.0,1,0.0,0.0
"AUT MQ, LEGUMES, *, POT, ",1,0.0,1,0.0,15.999999999999998
"AUT MQ, SCE CLAS, ARMORICAINE, DOY PAC, ",1,1.0,0,0.0,0.3
"PANZANI, BOLO BALLS, BOEUF, POT, ",1,1.0,0,0.0,6.8
"AUT MQ, BIO, ONCTUEUSE AU SOJA, POT, ",1,1.0,0,0.0,0.0
"AUT MQ, BIO, ORANGE CELERI GINGEMBRE, POT, ",1,1.0,0,0.0,236.2
"AUT MQ, LEGUMES, PARMIGIANO REGGIANO, POT, ",1,1.0,0,0.0,1.4
"LE CABANON, BIO, BOLOGNAISE, POT, ",1,1.0,0,0.0,0.0
"AUT MQ, SCE CLAS, PIZZA, POT, ",1,0.0,1,0.0,0.0
"LE CABANON, LEGUMES, CHAMPIGNON, POT, ",1,0.0,1,0.0,4.5
"SACLA, LEGUMES, TOMATES BASILIC, POT, ",1,0.0,1,0.0,0.3
"AUT MQ, SCE CLAS, ONCTUEUSE AU RIZ, POT, ",1,0.0,1,0.0,0.0
"AUT MQ, SCE CLAS, NAPOLITAIN, POT, ",1,0.0,1,0.0,0.7
"AUT MQ, SCE CLAS, MELANGE 5 BAIES, DOY PAC, ",1,0.0,1,0.0,2.5
"SACLA, LEGUMES, TOM CERISE MENTHE, POT, ",1,1.0,0,0.0,0.2
"AUT MQ, SCE CLAS, MANGUE CURCUMA & CURRY, POT, ",1,1.0,0,0.0,300.8
"SACLA, LEGUMES, TOM C PARM, POT, ",1,0.0,1,0.0,0.0
"AUT MQ, SCE CLAS, KASHMIRI MILD KORMA, POT, ",1,0.0,1,0.0,0.0
"AUT MQ, SCE CLAS, JAUNTY JALFREZI PASTE, POT, ",1,0.0,1,0.0,0.3
"AUT MQ, SCE CLAS, CREMEE AU FOIE GRAS, DOY PAC, ",1,0.0,1,0.0,0.3
"MUTTI, LEGUMES, PARMESAN, POT, ",1,1.0,0,0.0,0.0
"SACLA, LEGUMES, POIV ANANAS, POT, ",1,1.0,0,0.0,0.2
"AUT MQ, SCE CLAS, CHAMPIGNONS & OLIVES, POT, ",1,1.0,0,0.0,144.0
"PANZANI, A CUISINER, RISOTTO 3 FROMAGGI, POT, ",1,1.0,0,0.0,0.0
"AUT MQ, BOLO ORIGINALE, BOLOGNAISE VOLAILLE, POT, ",1,0.0,1,0.0,1.6
"PANZANI, AUT VIANDE, LARDON OIGNON, POT, ",1,1.0,0,0.0,0.8
"PANZANI, BOLO BALLS, BARBECUE, POT, ",1,1.0,0,0.0,19.6
"ZAPETTI BUITONI, PESTO, PESTO VERD, DOSE, ",1,0.0,1,0.0,0.1
