N_SAME_PRODUCT,N_COUNT,O_COUNT,MISSING_COUNT,N_Ventes_Valeur_2019,N_Ventes_Valeur_2018
MDD | SAUCES_POUR_FECULENTS |  | POT | ,1,0.0,1,94370200.5,88010805.0
PANZANI | BOLO_CLASSIQUE | BOLOGNAISE | POT | NON_BIO,26,19.0,7,18522875.299999997,28628441.5
PANZANI | LEGUMES | PROVENCALE | POT | NON_BIO,17,10.0,7,11724186.200000001,11559762.7
BARILLA | PESTO | PESTO_VERD | POT | NON_BIO,4,3.0,1,11224787.3,10219195.700000001
PANZANI | LEGUMES | PT_LEGUME | TUB | NON_BIO,6,6.0,0,10511586.3,10266481.100000001
BARILLA | PESTO | PESTO_RGE | POT | NON_BIO,2,2.0,0,9527134.2,8487099.0
ZAPETTI_BUITONI | BOLO_CLASSIQUE | ITALIEN | BTE_FER | NON_BIO,11,7.0,4,9499660.5,9552474.8
PANZANI | BOLO_CLASSIQUE | BOLOGNAISE_PUR_BOEUF | POT | NON_BIO,8,6.0,2,9475195.800000004,403840.5
PANZANI | LEGUMES | TOMATES_BASILIC | POT | NON_BIO,9,4.0,5,7232904.1,6756760.1000000015
BARILLA | LEGUMES | BASILIC | POT | NON_BIO,9,7.0,2,7048064.199999999,7254506.899999999
PANZANI | LEGUMES | TOMATE_CUI | POT | NON_BIO,11,10.0,1,7004086.7,6997903.900000001
HEINZ | LEGUMES | AIL_OIGNON | BRIC | NON_BIO,8,3.0,5,6665490.0,5933250.7
PANZANI | BOLO_CLASSIQUE | BOLOGNAISE_EXTRA_RICHE | POT | NON_BIO,3,3.0,0,6067400.0,5851706.399999999
PANZANI | PESTO | PESTO_VERD | POT | NON_BIO,3,2.0,1,5599760.3,5144889.900000001
BARILLA | BOLO_CLASSIQUE | BOLOGNAISE | POT | NON_BIO,7,4.0,3,5042184.600000001,4724802.499999999
MDD | SAUCES_POUR_FECULENTS |  | BTE_FER | ,1,0.0,1,4286886.3,4358804.399999999
SACLA | LEGUMES | ARRABIATA | POT | NON_BIO,5,4.0,1,3994963.0,3655709.1999999997
BARILLA | LEGUMES | PROVENCALE | POT | NON_BIO,3,3.0,0,3506752.2,3079528.3000000003
BARILLA | LEGUMES | ARRABIATA | POT | NON_BIO,6,4.0,2,3438207.6,2984562.0
ZAPETTI_BUITONI | LEGUMES | H_OLIVE | BTE_FER | NON_BIO,3,3.0,0,3284996.1,3321019.5
BARILLA | PESTO | BASILIC_&_ROQUETTE | POT | NON_BIO,2,1.0,1,3197322.1,2571618.0
PANZANI | BOLO_BALLS | NATURE | POT | NON_BIO,3,2.0,1,2825670.1000000006,3214332.8
PANZANI | BIO | BOLOGNAISE_BIO | POT | BIO,1,1.0,0,2753536.5,1266781.3
PANZANI | LEGUMES | TOM_FRAICH | BTE_FER | NON_BIO,3,2.0,1,2695353.6999999997,2866884.8000000003
PANZANI | CREME | CARBONARA | POT | NON_BIO,1,1.0,0,2554196.4000000004,2339225.4
BARILLA | LEGUMES | TOMATE_CUI | POT | NON_BIO,2,2.0,0,2329606.9000000004,1557915.0
BARILLA | BOLO_CLASSIQUE | BOLOGNAISE_EXTRA_RICHE | POT | NON_BIO,1,1.0,0,2263628.4,2035007.3
JARDIN_BIO | BIO | BASILIC | POT | BIO,6,4.0,2,2147500.1,1757464.9
SACLA | LEGUMES | CAVIAR_TOM | POT | NON_BIO,2,2.0,0,2141149.3000000003,2420096.5
PANZANI | LEGUMES | OIGNONS_ET_AIL | TUB | NON_BIO,1,1.0,0,2118402.5,2161459.5
PANZANI | CREME | 4FROMAGES | POT | NON_BIO,1,1.0,0,2108593.2,2017788.1
MDD | SAUCES_POUR_FECULENTS |  | TUB | ,1,0.0,1,2102213.2,2184243.2
PANZANI | BOLO_ORIGINALE | BOLOG_CHAMP | POT | NON_BIO,3,2.0,1,2007624.7,1958028.4000000004
SACLA | PESTO | PESTO_VERD | POT | NON_BIO,5,5.0,0,1918134.9000000004,1940456.0
PANZANI | BOLO_ORIGINALE | BOLOG_EPIC | POT | NON_BIO,1,1.0,0,1904015.9,1706376.1
BARILLA | BIO | PESTO_VERD | POT | BIO,1,1.0,0,1884404.4,866341.7999999998
BARILLA | LEGUMES | OLIVE | POT | NON_BIO,5,3.0,2,1867873.4,1961168.8
JARDIN_BIO | BIO | PROVENCALE | POT | BIO,4,3.0,1,1830709.6,1619218.0999999996
PANZANI | LEGUMES | OLIV_BASIL | POT | NON_BIO,5,4.0,1,1783167.7999999998,1883722.4000000004
SACLA | LEGUMES | POIV_AUBER | POT | NON_BIO,4,4.0,0,1755486.9000000001,1826622.4
BARILLA | LEGUMES | RICOTTA | POT | NON_BIO,3,2.0,1,1701308.7,1864251.7000000002
MDD_1_PRX | SAUCES_POUR_FECULENTS |  | POT | ,1,0.0,1,1688258.1,1750841.1
PANZANI | LEGUMES | BOLET_CEPE | POT | NON_BIO,2,2.0,0,1621801.7999999998,1857585.7000000002
SACLA | LEGUMES | TOM_OLIVE | POT | NON_BIO,3,3.0,0,1552757.9,1905244.0000000005
PANZANI | QUALITE_FRAICHEMENT_CUISINEE | TOMATE_CUI | POT | NON_BIO,1,1.0,0,1486635.2,1714174.9
MDD | AUT_SCE |  | POT | ,1,0.0,1,1408037.2000000004,1310021.9
PANZANI | QUALITE_FRAICHEMENT_CUISINEE | BASILIC | POT | NON_BIO,1,1.0,0,1315171.5000000002,1411912.7000000004
PANZANI | BOLO_ORIGINALE | BOLOG_POULET | POT | NON_BIO,3,2.0,1,1289935.5999999999,1342841.9
BARILLA | LEGUMES | NAPOLITAIN | POT | NON_BIO,1,1.0,0,1228615.8,1157821.4
BARILLA | BIO | BASILIC | POT | BIO,1,1.0,0,1202810.8,580533.4999999999
PANZANI | BIO | PT_LEGUMES_BIO | TUB | BIO,1,1.0,0,886552.6000000002,66127.9
BARILLA | BOLO_CLASSIQUE | BOLOGNESE_FROMAGE_ITALIEN | POT | NON_BIO,1,1.0,0,851564.2999999998,825372.9000000001
SACLA | PESTO | PESTO_RGE | POT | NON_BIO,2,2.0,0,798227.9,860511.9000000001
JARDIN_BIO | BIO | NAPOLITAIN | POT | BIO,1,1.0,0,785077.7,682701.9
PANZANI | A_CUISINER | RISOTTO_CHAMP | POT | NON_BIO,2,2.0,0,726515.4000000001,769765.8999999998
PANZANI | QUALITE_FRAICHEMENT_CUISINEE | PROVENCALE | POT | NON_BIO,1,1.0,0,706157.2999999998,881854.7000000002
PANZANI | PESTO | PESTO_RGE | POT | NON_BIO,2,1.0,1,701266.7,494672.4
BARILLA | PESTO | PESTO_VEGAN | POT | NON_BIO,1,1.0,0,696842.1000000001,512654.1
ZAPETTI_BUITONI | AUT_VIANDE | VDE_ROTI | BTE_FER | NON_BIO,6,2.0,4,689891.2,351523.80000000005
SACLA | LEGUMES | TOM_CE_BAS | POT | NON_BIO,2,1.0,1,650371.5000000001,718761.2
PANZANI | LEGUMES | OIGNONS_ET_AIL | BRIC | NON_BIO,1,1.0,0,642874.9,696186.7999999999
PANZANI | BIO | PROVENCALE | POT | BIO,1,1.0,0,621649.2999999999,488515.29999999993
SACLA | PESTO | PESTO_AIL_OURS | POT | NON_BIO,1,1.0,0,605932.0000000001,535538.3
JARDIN_BIO | BIO | OLIVE | POT | BIO,1,1.0,0,602917.8,541146.2000000001
ITALIANS_DO_IT_BETTER | PESTO | PARMIGIANO_REGGIANO_&_PESTO_BA | POT | NON_BIO,1,1.0,0,587678.8999999999,452369.4
AUT_MQ | LEGUMES | BASILIC | POT | NON_BIO,45,35.0,10,583258.5000000001,547052.2
ZAKIA | BOLO_CLASSIQUE | BOLOGNAISE | POT | NON_BIO,1,1.0,0,552790.5,587586.2999999999
SACLA | BIO | GENOVESE_BIO | POT | BIO,3,3.0,0,551911.6,523918.9
SACLA | LEGUMES | AUBERGINE | POT | NON_BIO,1,1.0,0,548071.2000000001,529781.0
JARDIN_BIO | BIO | BOLOGNAISE | POT | BIO,2,1.0,1,541400.4,493326.70000000007
BARILLA | LEGUMES | TOM_CE_NAP | POT | NON_BIO,1,1.0,0,535084.8999999999,643291.2000000001
FLORELLI | PESTO | PESTO_VERD | POT | NON_BIO,2,2.0,0,494414.9000000001,498098.69999999995
HEINZ | LEGUMES | BASILIC | POT | NON_BIO,5,5.0,0,494301.5999999999,1136774.4000000001
AUT_MQ | BOLO_CLASSIQUE | BOLOGNAISE | POT | NON_BIO,32,17.0,15,488493.8000000001,384515.40000000014
MQ_FAB_1_PRX | BOLO_CLASSIQUE | BOLOGNAISE | POT | NON_BIO,2,2.0,0,466614.1,394513.9
HEINZ | LEGUMES | PROVENCALE | POT | NON_BIO,5,5.0,0,464736.90000000014,950003.5
SACLA | LEGUMES | GORG_OIG_DX | POT | NON_BIO,1,1.0,0,457885.50000000006,446235.1
BARILLA | PESTO | PESTO_RUSTICO_BASILICO_&_ZUCCH | POT | NON_BIO,1,1.0,0,455190.00000000006,0.0
PANZANI | PESTO | PESTO_VERD | TUB | NON_BIO,1,1.0,0,453348.9,425910.7
ITALIANS_DO_IT_BETTER | LEGUMES | BASILIC_FRAIS | POT | NON_BIO,3,3.0,0,430482.89999999997,376524.0
MDD | SAUCES_POUR_FECULENTS |  | BRIC | ,1,0.0,1,424991.0,320040.0
BARILLA | PESTO | PESTO_RUSTICO_TOMATES_SECHEES | POT | NON_BIO,1,1.0,0,407613.9,766990.4999999999
SACLA | PESTO | PESTO_TRUFFE_NR | POT | NON_BIO,1,1.0,0,401937.29999999993,370008.79999999993
PANZANI | BOLO_CLASSIQUE | BOLOGNAISE | BTE_FER | NON_BIO,3,2.0,1,401153.7,676240.0
PANZANI | BOLO_ORIGINALE | 3POIVRES | POT | NON_BIO,2,2.0,0,400975.2,662269.8
PANZANI | BOLO_VEGETARIENNE | VEGETARIENNE_FACON_BOLOGNAISE | POT | NON_BIO,1,1.0,0,397284.3000000001,324865.0
PANZANI | BIO | TOMATE_CUI | POT | BIO,1,1.0,0,391677.5999999999,303632.69999999995
HEINZ | BOLO_CLASSIQUE | BOLOGNAISE_RICHE_EN_LEGUMES | POT | NON_BIO,4,4.0,0,376468.0,133374.2
HEINZ | BOLO_ORIGINALE | CHORIZO | POT | NON_BIO,4,4.0,0,363622.50000000006,170669.2
HEINZ | BOLO_CLASSIQUE | BOLOGNAISE_RICHE_EN_BOEUF | POT | NON_BIO,3,3.0,0,356320.8,119103.0
AUT_MQ | PESTO | PESTO_VERD | POT | NON_BIO,47,24.0,23,354650.39999999997,439643.60000000003
BARILLA | LEGUMES | AIL_&_FINE_HERBES | POT | NON_BIO,1,1.0,0,347746.8,513011.1
HEINZ | LEGUMES | POIVRONS_GRILLES_&_FORMAGE_ITA | POT | NON_BIO,7,6.0,1,335242.19999999995,627373.2000000001
SACLA | LEGUMES | TOM_ROQUET | POT | NON_BIO,1,1.0,0,334309.0,333827.2
HEINZ | LEGUMES | AIL_OIGNON_SS_SUCRES/SEL | BRIC | NON_BIO,1,1.0,0,326369.3,231138.6
HEINZ | BIO | AIL_OIGNON | POT | BIO,1,1.0,0,324194.0,443754.6
AUT_MQ | SCE_CLAS | CURRY_INDIENNE_COCO_&_CACAHUET | POT | NON_BIO,2,2.0,0,319083.29999999993,297542.5
JARDIN_BIO | BIO | ARRABIATA | POT | BIO,1,1.0,0,316786.4,246974.2
AUT_MQ | LEGUMES | NATURE | POT | NON_BIO,19,16.0,3,315425.30000000005,320651.0
BARILLA | PESTO | PESTO_RUSTICO_POMODORI_SECCHI | POT | NON_BIO,1,1.0,0,313501.5,0.0
AUT_MQ | SCE_CLAS | SWEET_CHILLI | FLA_PLAS | NON_BIO,1,1.0,0,311103.69999999995,255533.50000000003
BARILLA | BOLO_VEGETARIENNE | BOLOGNESE_SOJA | POT | NON_BIO,1,1.0,0,308594.5,273306.3
PANZANI | BOLO_ORIGINALE | BOURGUIGNO | POT | NON_BIO,2,2.0,0,305085.7,534472.1
AUT_MQ | LEGUMES | ARRABIATA | POT | NON_BIO,30,24.0,6,302817.79999999993,294259.70000000007
OLD_EL_PASO | LEGUMES | SALSA | POT | NON_BIO,2,2.0,0,292563.60000000003,351229.2
MDD | SAUCES_POUR_FECULENTS |  | FLA_PLAS | ,1,0.0,1,286847.6,116514.8
PANZANI | PESTO | PESTO_POIV | POT | NON_BIO,1,1.0,0,285930.10000000003,345413.2
SACLA | BIO | ARRABIATA | POT | BIO,2,2.0,0,277834.3,260204.5
SACLA | LEGUMES | BURRATA | POT | NON_BIO,1,1.0,0,272041.4,275897.60000000003
ZAPETTI_BUITONI | LEGUMES | PROVENC_LANGUE | BTE_FER | NON_BIO,5,3.0,2,265158.80000000005,296531.2
SACLA | LEGUMES | POIV_FIG_NOIS | POT | NON_BIO,1,1.0,0,264952.10000000003,322902.8
HEINZ | BOLO_CLASSIQUE | BOLOGNAISE | POT | NON_BIO,2,2.0,0,258816.19999999998,77441.5
RUMMO | PESTO | PESTO_RGE | POT | NON_BIO,1,1.0,0,256569.5,210125.7
FLORELLI | PESTO | PESTO_RGE | POT | NON_BIO,2,2.0,0,256361.2,276407.6
RUMMO | PESTO | PESTO_VERD | POT | NON_BIO,1,1.0,0,249010.5,174272.6
AUT_MQ | SCE_CLAS | CURRY_INDIENNE_TIKKA_MASALA_EP | POT | NON_BIO,1,1.0,0,246434.20000000004,225806.6
MDD | SAUCES_POUR_FECULENTS |  | DOY_PAC | ,1,0.0,1,241084.2,333957.10000000003
FLORELLI | PESTO | LE_PESTO_ALLA_CALABRESE_POIVRO | POT | NON_BIO,1,1.0,0,234273.9,208230.8
SACLA | BIO | TOM_SECH_AIL | POT | BIO,1,1.0,0,233746.1,242230.4
PANZANI | BOLO_ORIGINALE | BOLOGNAISE_EMMENTAL | POT | NON_BIO,3,2.0,1,217423.6,861428.1
MQ_FAB_1_PRX | LEGUMES | NAPOLITAIN | POT | NON_BIO,1,1.0,0,214375.8,233963.60000000003
FLORELLI | PESTO | LE_PESTO_ALLA_CALABRESE_TOMATE | POT | NON_BIO,1,1.0,0,209231.6,189246.00000000003
SACLA | BIO | OLIVE | POT | BIO,2,2.0,0,208331.3,92653.2
RUMMO | LEGUMES | BASILIC | POT | NON_BIO,1,1.0,0,206991.7,187560.2
PANZANI | QUALITE_FRAICHEMENT_CUISINEE | PIMENT_D'ESPELETTE | POT | NON_BIO,1,1.0,0,205549.0,227659.0
LUCIEN_GEORGELIN | LEGUMES | PIMENT_D'ESPELETTE | POT | NON_BIO,2,2.0,0,194007.90000000002,108146.09999999998
BARILLA | PESTO | PESTO_TOM_SECHE | POT | NON_BIO,1,1.0,0,190485.5,223772.70000000004
AUT_MQ | SCE_CLAS | AJI_PANCA_CHILI | POT | NON_BIO,2,2.0,0,186040.3,383806.50000000006
ZAKIA | LEGUMES | TOMATE_PIMENTE | TUB | NON_BIO,1,1.0,0,182191.4,110804.6
ZAPETTI_BUITONI | LEGUMES | TOMATE_CUI | BRIC | NON_BIO,1,1.0,0,182167.2,321060.9
SACLA | LEGUMES | CAVIAR_DE_TOMATES_A_L'AIL | POT | NON_BIO,2,2.0,0,179058.20000000004,10123.9
ITALIANS_DO_IT_BETTER | SCE_CLAS | PESTO_ROSSO_TOMATES_SECHEES_AU | POT | NON_BIO,1,1.0,0,178920.5,127766.3
SACLA | PESTO | PESTO_ROSSO_PECORINO_ROMANO_& | POT | NON_BIO,1,1.0,0,177075.7,71605.1
ITALIANS_DO_IT_BETTER | LEGUMES | AUBERGINE | POT | NON_BIO,2,2.0,0,174805.90000000002,134723.19999999998
LUCIEN_GEORGELIN | LEGUMES | BASILIC | POT | NON_BIO,4,3.0,1,171536.09999999998,136987.6
HEINZ | LEGUMES | ARRABIATA | POT | NON_BIO,6,5.0,1,170521.1,648434.3999999999
SACLA | BIO | PARMESAN | POT | BIO,1,1.0,0,168235.49999999994,379262.2
LUCIEN_GEORGELIN | LEGUMES | AIL_OIGNON | POT | NON_BIO,2,2.0,0,166550.69999999998,83741.09999999999
BARILLA | LEGUMES | ZUCCHINE_&_LEGUMES_GRILLES | POT | NON_BIO,1,1.0,0,166420.1,106829.5
PANZANI | PESTO | PIGNONS_ENTIER | POT | NON_BIO,1,1.0,0,163393.4,422524.9
JARDIN_BIO | BIO | TOMATE_CUI | POT | BIO,1,1.0,0,153921.5,0.0
RUMMO | BOLO_CLASSIQUE | BOLOGNAISE | POT | NON_BIO,1,1.0,0,153684.0,128736.90000000005
LUCIEN_GEORGELIN | LEGUMES | TOMATE_DE_MARMANDE | POT | NON_BIO,2,2.0,0,152854.3,77560.39999999997
AUT_MQ | LEGUMES | OLIVE | POT | NON_BIO,11,7.0,4,151015.69999999998,138254.8
MQ_FAB_1_PRX | LEGUMES | TOMATE_CUISINEE_AUX_PETITS_LEG | POT | NON_BIO,1,1.0,0,150968.4,131618.5
BARILLA | PESTO | PESTO_RUSTICO_LEGUMES_MEDITERA | POT | NON_BIO,1,1.0,0,149731.0,318132.99999999994
AUT_MQ | PESTO | PESTO_RGE | POT | NON_BIO,20,14.0,6,144524.20000000004,183314.3
SACLA | BIO | PESTO_GENOVESE_TOFU | POT | BIO,1,1.0,0,141032.0,150105.99999999994
MDD | AUT_SCE |  | BRIC | ,1,0.0,1,139057.00000000006,0.0
SACLA | LEGUMES | TOMATES_CERISES_EN_RONDELLES_P | POT | NON_BIO,1,1.0,0,136671.60000000006,149204.40000000002
AUT_MQ | BIO | THYM | POT | BIO,2,2.0,0,136596.8,143301.9
AUT_MQ | LEGUMES | MARINARA | POT | NON_BIO,4,2.0,2,133157.7,9253.499999999998
AUT_MQ | SCE_CLAS | CRANBERRY_BBQ | POT | NON_BIO,1,1.0,0,132893.4,342920.2000000001
RUMMO | LEGUMES | ARRABIATA | POT | NON_BIO,1,1.0,0,131033.09999999998,116003.7
SACLA | BIO | BASILIC | POT | BIO,1,1.0,0,130602.6,131387.6
RUMMO | BOLO_VEGETARIENNE | BOLOGNESE_VEGETALE | POT | NON_BIO,1,1.0,0,129465.1,57586.7
AUT_MQ | LEGUMES | PISTOU | POT | NON_BIO,8,5.0,3,128944.29999999996,147349.30000000002
JARDIN_BIO | BIO | BASILIC_PROTEINES_DE_SOJA | POT | BIO,1,1.0,0,128661.3,111472.7
BARILLA | PESTO | PESTO_RUSTICO_MEDITERRANEO | POT | NON_BIO,1,1.0,0,128527.0,0.0
SACLA | LEGUMES | POIV_MOZZA | POT | NON_BIO,1,1.0,0,127918.2,108493.5
MDD_1_PRX | SAUCES_POUR_FECULENTS |  | BTE_FER | ,1,0.0,1,126811.0,141644.7
LUCIEN_GEORGELIN | BIO | BASILIC | POT | BIO,1,1.0,0,116060.39999999998,11884.000000000002
AUT_MQ | SCE_CLAS | PESTO_ORANGE | POT | NON_BIO,1,1.0,0,113693.09999999998,120018.1
ITALIANS_DO_IT_BETTER | BOLO_CLASSIQUE | BOULETTES_DE_VIANDE | POT | NON_BIO,1,1.0,0,111662.2,141565.7
MQ_FAB_1_PRX | PESTO | PESTO_VERD | POT | NON_BIO,1,1.0,0,109841.69999999998,106211.90000000002
LUCIEN_GEORGELIN | BIO | NATURE | POT | BIO,1,1.0,0,107679.70000000004,10274.6
JARDIN_BIO | BIO | AIL_&_PERSIL_PROTEINES_DE_SOJA | POT | BIO,1,1.0,0,106925.2,106510.9
HEINZ | LEGUMES | MEDITERRAN | POT | NON_BIO,4,4.0,0,106417.29999999999,354353.2
FLORELLI | LEGUMES | PARMESAN | POT | NON_BIO,1,1.0,0,105203.79999999996,95341.1
FLORELLI | LEGUMES | ARRABIATA | POT | NON_BIO,2,2.0,0,104317.7,112402.69999999998
PANZANI | LEGUMES | TOM_CUI_A_L'ORIGAN | TUB | NON_BIO,1,1.0,0,103313.2,11878.000000000002
PANZANI | PESTO | PEST_BASIL_PARM | COUPELLE | NON_BIO,1,1.0,0,103226.0,0.0
AUT_MQ | BIO | ARRABIATA | POT | BIO,9,8.0,1,103052.49999999999,94172.99999999999
CIRIO | LEGUMES | PETIT_LEGUMES_&_PARMESAN | TUB | NON_BIO,1,1.0,0,98113.1,80051.29999999997
AUT_MQ | SCE_CLAS | PESTO_ALLA_LIGURE | POT | NON_BIO,1,1.0,0,95330.8,23643.60000000001
SACLA | BIO | PESTO_TOM_SECHE | POT | BIO,1,1.0,0,95320.4,90831.7
AUT_MQ | SCE_CLAS | PANANG_CURRY | DOY_PAC | NON_BIO,1,1.0,0,94928.0,200969.1
JARDIN_BIO | BIO | TOMATE_CUISINEE_AUX_LEGUMES | TUB | BIO,1,1.0,0,92697.3,25561.2
DE_CECCO | LEGUMES | ARRABIATA | POT | NON_BIO,3,3.0,0,91426.5,100826.9
AUT_MQ | SCE_CLAS | PESTO_BLANC | POT | NON_BIO,1,1.0,0,90968.39999999998,82825.59999999999
FLORELLI | LEGUMES | AUBER_RICO | POT | NON_BIO,2,2.0,0,85448.6,93455.0
ZAPETTI_BUITONI | LEGUMES | TOMATE_CUI | DOY_PAC | NON_BIO,1,1.0,0,84228.40000000001,54094.7
SACLA | BOLO_CLASSIQUE | BOLOGNAISE | POT | NON_BIO,3,3.0,0,83438.5,128115.0
LUCIEN_GEORGELIN | BIO | AIL_OIGNON | POT | BIO,1,1.0,0,82827.0,10921.600000000002
AUT_MQ | BIO | BASILIC | POT | BIO,12,9.0,3,82029.5,31401.799999999996
AUT_MQ | SCE_CLAS | PESTO_JAUNE | POT | NON_BIO,1,1.0,0,78994.1,86109.79999999999
LUCIEN_GEORGELIN | BIO | PIMENT_D'ESPELETTE | POT | BIO,1,1.0,0,77120.0,10269.500000000002
ZAPETTI_BUITONI | BIO | BOLOGNAISE | BTE_FER | BIO,1,1.0,0,76418.70000000001,0.0
UNC_BENS | SCE_CLAS | TIKKA_MASALA | POT | BIO,1,1.0,0,75934.8,0.0
VICTORIA | PESTO | PESTO_VERD | POT | NON_BIO,1,1.0,0,75480.8,45653.80000000001
AUT_MQ | SCE_CLAS | BEURRE_CITRON_A_LA_CREME_FRAIC | DOY_PAC | NON_BIO,1,1.0,0,75244.40000000001,42432.8
PANZANI | LEGUMES | BASILIC | POT | NON_BIO,4,3.0,1,74540.40000000001,32316.5
SACLA | BIO | BOLOGNAISE | POT | BIO,1,1.0,0,74319.3,161168.0
ZAPETTI_BUITONI | BIO | NATURE | BTE_FER | BIO,1,1.0,0,74070.09999999999,0.0
DE_CECCO | LEGUMES | NAPOLITAIN | POT | NON_BIO,2,2.0,0,73853.59999999999,82539.9
AUT_MQ | CREME | FROMAGE | POT | NON_BIO,3,3.0,0,72554.6,78010.20000000001
SACLA | PESTO | PESTO_ROSSO_&_GINGEMBRE_CONFIT | POT | BIO,1,1.0,0,72157.5,38892.7
FLORELLI | LEGUMES | TOM_CERISE | POT | NON_BIO,1,1.0,0,72115.5,75162.29999999999
BJORG | BIO | BOLOGNESE_VEGETALE | POT | BIO,1,1.0,0,71510.4,132910.4
SUZY_WAN | SCE_CLAS | POULET_COCO_CURRY | POT | NON_BIO,1,1.0,0,71435.40000000001,92458.2
FLORELLI | LEGUMES | TOM_SECHE | POT | NON_BIO,2,2.0,0,70022.5,111621.80000000002
AUT_MQ | LEGUMES | TOMATE_CUI | POT | NON_BIO,5,3.0,2,69987.40000000001,83411.09999999999
SACLA | LEGUMES | AUBER_OLIV_NR_CAJOU | POT | NON_BIO,1,1.0,0,69916.1,89817.0
MDD | AUT_SCE |  | DOY_PAC | ,1,0.0,1,68839.2,150078.19999999998
ITALIANS_DO_IT_BETTER | LEGUMES | OLIVE | POT | NON_BIO,1,1.0,0,68812.9,0.0
ITALIANS_DO_IT_BETTER | LEGUMES | OLIVES_DE_TAGGIASCHE | POT | NON_BIO,1,1.0,0,68075.3,91722.1
AUT_MQ | SCE_CLAS | BEURRE_BLANC_RICHE_EN_ECHALOTE | DOY_PAC | NON_BIO,1,1.0,0,67903.7,86137.29999999999
DE_CECCO | LEGUMES | SICILIEN | POT | NON_BIO,2,2.0,0,67811.69999999997,78691.0
ZAPETTI_BUITONI | BOLO_CLASSIQUE | BOLOGNAISE | POT | NON_BIO,10,4.0,6,67163.50000000001,398939.4000000001
FLORELLI | LEGUMES | CEPE | POT | NON_BIO,1,1.0,0,65324.8,66001.5
AUT_MQ | BIO | PESTO_VERD | POT | BIO,6,6.0,0,65292.3,66191.09999999999
AUT_MQ | SCE_CLAS | CURRY_INDIENNE_BUTTER_CHICKEN | POT | NON_BIO,2,2.0,0,65264.00000000001,0.0
FLORELLI | PESTO | PESTO_ROQUETTE_&_NOIX | POT | NON_BIO,1,1.0,0,64759.20000000001,68873.79999999999
MQ_FAB_1_PRX | LEGUMES | PT_LEGUME | TUB | NON_BIO,1,1.0,0,64751.8,67356.1
HEINZ | PESTO | PESTO_RGE | POT | NON_BIO,3,2.0,1,63868.8,254944.3
AUT_MQ | SCE_CLAS | OSEILLE_A_LA_CREME_FRAICHE_AU | DOY_PAC | NON_BIO,1,1.0,0,62583.3,70158.9
FLORELLI | LEGUMES | MASCARPONE | POT | NON_BIO,2,2.0,0,62246.4,85787.50000000001
AUT_MQ | LEGUMES | POIVRON | POT | NON_BIO,8,3.0,5,60911.899999999994,63240.0
FLORELLI | LEGUMES | BASILIC | POT | NON_BIO,2,2.0,0,60171.59999999999,86127.7
AUT_MQ | LEGUMES | LEG_GRILLE | POT | NON_BIO,3,3.0,0,60049.69999999998,62948.6
PANZANI | LEGUMES | NAPOLITAIN | POT | NON_BIO,1,1.0,0,59896.0,299662.7
MQ_FAB_1_PRX | LEGUMES | NATURE | BTE_FER | NON_BIO,1,1.0,0,59301.00000000001,64071.4
AUT_MQ | SCE_CLAS | BARBECUE_TERIYAKI_AU_MIEL | POT | NON_BIO,1,1.0,0,57065.9,63614.3
AUT_MQ | SCE_CLAS | NANTUA_AUX_ECREVISSES | POT | NON_BIO,1,1.0,0,55929.49999999999,56627.50000000001
ITALIANS_DO_IT_BETTER | LEGUMES | TOM_PIMENT | POT | NON_BIO,1,1.0,0,55605.60000000001,0.0
DE_CECCO | BOLO_CLASSIQUE | BOLOGNAISE | POT | NON_BIO,2,2.0,0,54191.79999999999,57688.2
AUT_MQ | SCE_CLAS | BEURRE_BLANC_&_CITRON_CONFIT | DOSE | NON_BIO,1,1.0,0,52713.1,34313.7
JARDIN_BIO | BIO | DUO_D'OLIVES_VERTES_&_NOIRES | POT | BIO,1,1.0,0,51889.60000000001,0.0
ITALIANS_DO_IT_BETTER | SCE_CLAS | PESTO_AL_LIMONE_BASILIC_&_ZEST | POT | NON_BIO,1,1.0,0,51412.60000000001,0.0
AUT_MQ | PESTO | BASILIC | POT | NON_BIO,1,1.0,0,51174.4,50552.5
JARDIN_BIO | SCE_CLAS | CURRY_AU_LAIT_DE_COCO | POT | BIO,1,1.0,0,50206.5,0.0
AUT_MQ | SCE_CLAS | AJVAR_CLASSIQUE | POT | NON_BIO,1,1.0,0,50072.6,39597.0
AUT_MQ | PESTO | PESTO_A_LA_TRUFFE | POT | NON_BIO,1,1.0,0,49945.4,32190.200000000008
FLORELLI | LEGUMES | OLIVE | POT | NON_BIO,1,1.0,0,48260.2,42923.2
SACLA | LEGUMES | TOMATES_CERISES_EN_RONDELLES_O | POT | NON_BIO,1,1.0,0,47135.8,76011.4
AUT_MQ | LEGUMES | BASILIC | BTE_FER | NON_BIO,1,1.0,0,46984.49999999999,44766.8
AUT_MQ | LEGUMES | NAPOLITAIN | POT | NON_BIO,12,9.0,3,45811.5,48215.3
SACLA | PESTO | PESTO_ENFER | POT | NON_BIO,1,1.0,0,44812.5,65839.5
AUT_MQ | PESTO | PESTO_GENOVESE_BASIL | POT | NON_BIO,1,1.0,0,44391.5,40515.2
AUT_MQ | PESTO | PESTO_AU_BASILIC_DE_GENES_AOP | POT | NON_BIO,1,1.0,0,44118.5,47046.9
SACLA | PESTO | PESTO_ROSSO_TOFU_&_BAIES_DE_GO | POT | BIO,1,1.0,0,43570.4,22762.9
AUT_MQ | CREME | FROM_POIVR | POT | NON_BIO,1,1.0,0,43188.3,42783.8
AUT_MQ | PESTO | PESTO_OLIV | POT | NON_BIO,2,2.0,0,43162.9,39593.600000000006
AUT_MQ | BIO | PESTO_RGE | POT | BIO,3,3.0,0,42454.2,34379.700000000004
SACLA | LEGUMES | SALSICCIA | POT | NON_BIO,1,1.0,0,42334.500000000015,50254.20000000001
AUT_MQ | LEGUMES | H_OLIVE | BTE_FER | NON_BIO,1,1.0,0,42212.7,42687.3
SACLA | BIO | CEPE | POT | BIO,1,1.0,0,42096.0,62702.30000000001
AUT_MQ | BIO | TOM_CERISE | POT | BIO,1,1.0,0,41768.8,40238.9
SACLA | BIO | PESTO_ROSSO_TOFU | POT | BIO,1,1.0,0,41261.7,53031.8
AUT_MQ | BIO | BASIL_H_OLIVE | POT | BIO,1,1.0,0,39977.4,37542.9
AUT_MQ | SCE_CLAS | ARTICHAUTS_&_TOMATES_&_MASCARP | POT | NON_BIO,1,1.0,0,39487.4,53753.2
SACLA | LEGUMES | TOMATES_CERISES_EN_RONDELLES_R | POT | NON_BIO,1,1.0,0,39381.500000000015,40247.5
FLORELLI | LEGUMES | GORGONZOLA_&_OIGNON | POT | NON_BIO,1,1.0,0,39358.2,33989.5
AUT_MQ | SCE_CLAS | AIL_DES_OURS_&_BASILIC | POT | NON_BIO,1,1.0,0,38951.2,58260.2
POLLI | BIO | GENOVESE_BIO | POT | BIO,1,1.0,0,38660.3,0.0
SACLA | BIO | POIVRON | POT | BIO,1,1.0,0,38343.60000000001,42577.500000000015
ITALIANS_DO_IT_BETTER | AUTRE_GAMME | RAGU_DE_VIANDE | POT | NON_BIO,1,0.0,1,38108.500000000015,0.0
AUT_MQ | PESTO | GENOVESE | POT | NON_BIO,3,3.0,0,37467.200000000004,30196.5
SUZY_WAN | SCE_CLAS | POULET_AIGRE_DOUCE | POT | NON_BIO,1,1.0,0,37385.1,40021.19999999998
AUT_MQ | LEGUMES | SICILIEN | POT | NON_BIO,4,3.0,1,36874.000000000015,45732.5
MQ_FAB_1_PRX | PESTO | PESTO_RGE | POT | NON_BIO,1,1.0,0,36164.6,37943.8
AUT_MQ | SCE_CLAS | PESTO_AU_BASILICO_GENOVESE_DOP | POT | BIO,1,1.0,0,35418.9,24464.7
AUT_MQ | LEGUMES | AUBER_POIV | POT | NON_BIO,1,1.0,0,35196.19999999998,34403.8
FLORELLI | LEGUMES | AUBER_BASI | POT | NON_BIO,1,1.0,0,35039.700000000004,53087.2
RIVOIRE_&_CARRET | BOLO_CLASSIQUE | BOLOGNAISE_PUR_BOEUF | POT | NON_BIO,1,1.0,0,33348.499999999985,82106.6
SACLA | LEGUMES | ECHA_CHIANTI | POT | NON_BIO,1,1.0,0,33342.2,45931.8
AUT_MQ | LEGUMES | MEDITERRAN | POT | NON_BIO,1,1.0,0,33267.9,45552.3
AUT_MQ | LEGUMES | TOMATES_BASILIC_GENOVESE | POT | NON_BIO,3,3.0,0,32004.3,43435.100000000006
PANZANI | QUALITE_FRAICHEMENT_CUISINEE | TOM_RICOTT | POT | NON_BIO,1,1.0,0,31866.4,0.0
AUT_MQ | LEGUMES | NATURE | FLA_PLAS | NON_BIO,1,1.0,0,31721.0,14567.100000000002
AUT_MQ | BOLO_CLASSIQUE | BOLOGNAISE_PUR_BOEUF | POT | NON_BIO,1,1.0,0,31098.500000000004,24982.9
CIRIO | BOLO_CLASSIQUE | RAGU_BOLOGNESE | POT | NON_BIO,1,1.0,0,31010.6,53721.6
AUT_MQ | SCE_CLAS | CITRON_VERT_CORIANDRE_AU_SEL_D | DOY_PAC | BIO,1,1.0,0,30888.200000000004,48078.80000000001
RIVOIRE_&_CARRET | BOLO_ORIGINALE | BOLOGNAISE_LEGUMES | POT | NON_BIO,1,1.0,0,29364.0,42816.0
AUT_MQ | BIO | ASPERGES_&_PARMESAN | POT | BIO,1,1.0,0,28035.0,24062.4
AUT_MQ | LEGUMES | LEGUME | POT | NON_BIO,3,3.0,0,27907.1,15989.400000000001
RIVOIRE_&_CARRET | PESTO | PESTO_VERT | POT | NON_BIO,1,1.0,0,27890.4,56254.49999999999
AUT_MQ | BIO | PROVENCALE | POT | BIO,4,4.0,0,27869.399999999998,25031.100000000006
AUT_MQ | AUTRE_GAMME | TRADITION | POT | NON_BIO,1,1.0,0,27586.5,0.0
AUT_MQ | BIO | ROUGAIL_MARMITE | POT | BIO,1,1.0,0,27551.6,8787.0
POLLI | BIO | PESTO_RGE | POT | BIO,1,1.0,0,27409.4,0.0
AUT_MQ | LEGUMES | PROVENCALE | POT | NON_BIO,10,5.0,5,27291.5,42668.899999999994
AUT_MQ | PESTO | PESTO_TOM_SECHE | POT | NON_BIO,1,1.0,0,27144.500000000004,32913.6
AUT_MQ | SCE_CLAS | CEPE | DOSE | NON_BIO,1,1.0,0,26907.0,0.0
CIRIO | LEGUMES | ARRABIATA | POT | NON_BIO,1,1.0,0,26741.80000000001,36673.0
AUT_MQ | SCE_CLAS | PESTO_AU_BASILIC_A_LA_TRUFFE_B | POT | NON_BIO,1,1.0,0,26571.2,18562.4
AUT_MQ | SCE_CLAS | ARMORICAINE | POT | NON_BIO,2,2.0,0,26292.600000000002,33560.09999999999
CIRIO | LEGUMES | BASILIC | POT | NON_BIO,1,1.0,0,26285.7,34366.0
HEINZ | BOLO_ORIGINALE | BOLOG_CHAMP | POT | NON_BIO,1,1.0,0,26026.6,8593.300000000001
AUT_MQ | SCE_CLAS | AJVAR_EPICE | POT | NON_BIO,1,1.0,0,25944.0,29446.0
JARDIN_BIO | BIO | CEPES | POT | BIO,1,1.0,0,25358.7,33848.2
AUT_MQ | LEGUMES | PEPERONI | POT | NON_BIO,1,1.0,0,25177.6,0.0
SACLA | PESTO | PESTO_DES_ANGES | POT | NON_BIO,1,1.0,0,25094.5,43491.49999999999
ZAPETTI_BUITONI | LEGUMES | RATATOUILLE | BTE_FER | NON_BIO,2,2.0,0,24632.6,36643.5
AUT_MQ | LEGUMES | POIV_AUBER | POT | NON_BIO,1,1.0,0,24526.6,41620.4
CIRIO | LEGUMES | LEGUME | POT | NON_BIO,1,1.0,0,24227.7,40141.9
AUT_MQ | LEGUMES | TOM_POIVR | POT | NON_BIO,1,1.0,0,24107.1,27868.4
SACLA | BOLO_VEGETARIENNE | BOLOGNAISE_VEGETARIENNE_SOJA | POT | BIO,1,1.0,0,23902.0,23190.4
MUTTI | LEGUMES | PARMIGIANO_REGGIANO | POT | NON_BIO,2,2.0,0,23773.6,25300.0
AUT_MQ | LEGUMES | CHAMPIGNON | POT | NON_BIO,8,7.0,1,23157.500000000004,27265.8
CIRIO | LEGUMES | PARMESAN | POT | NON_BIO,1,1.0,0,22717.4,45871.0
JARDIN_BIO | BIO | LEGUME | TUB | BIO,1,1.0,0,22679.7,251973.70000000004
FLORELLI | BOLO_CLASSIQUE | BOLOGNAISE | POT | NON_BIO,1,1.0,0,22334.9,38274.8
AUT_MQ | LEGUMES | TOM_CERISE | POT | NON_BIO,1,1.0,0,22004.9,21377.8
ITALIANS_DO_IT_BETTER | BIO | GENOVESE_BIO | POT | BIO,1,1.0,0,22003.2,0.0
LOUIS_MARTIN | BOLO_CLASSIQUE | BOLOGNAISE | POT | NON_BIO,3,2.0,1,21994.8,20891.300000000003
AUT_MQ | SCE_CLAS | PIRI_PIRI_A_L'AIL | POT | NON_BIO,1,1.0,0,21977.8,20040.9
AUT_MQ | BIO | 6LEGUMES | POT | BIO,1,1.0,0,21292.4,16063.7
CIRIO | LEGUMES | NAPOLITAIN | POT | NON_BIO,1,1.0,0,21009.3,26221.599999999995
AUT_MQ | AUT_VIANDE | RIESLING_BOEUF_&_LARDONS | POT | NON_BIO,1,1.0,0,20622.1,37939.6
SACLA | BIO | LEGUME | POT | BIO,1,1.0,0,20335.9,27928.5
RIVOIRE_&_CARRET | LEGUMES | TOMATES_BASILIC | POT | NON_BIO,1,1.0,0,20263.5,26138.1
JARDIN_BIO | BIO | OLIV_CAPRE | POT | BIO,1,1.0,0,19996.4,27463.1
MQ_FAB_1_PRX | PESTO | PESTO_BLC | POT | NON_BIO,1,1.0,0,19984.900000000005,21798.9
JARDIN_BIO | SCE_CLAS | CHAMPIGNON_A_LA_CREME_FRAICHE | POT | BIO,1,1.0,0,19617.2,13639.1
CASERTA | LEGUMES | TOMATE_CUI | POT | NON_BIO,1,1.0,0,19251.1,18879.2
PANZANI | LEGUMES | KETCHUP | TUB | NON_BIO,1,1.0,0,19059.0,80900.8
CIRIO | LEGUMES | OLIV_CAPRE | POT | NON_BIO,1,1.0,0,18821.7,29697.30000000001
RIVOIRE_&_CARRET | LEGUMES | POIV_AUBER | POT | NON_BIO,1,1.0,0,18782.7,41894.5
SUZY_WAN | SCE_CLAS | POULET_FACON_THAI | POT | NON_BIO,1,1.0,0,18718.7,30189.200000000004
FLORELLI | LEGUMES | PUTTANESCA | POT | NON_BIO,1,1.0,0,18596.6,0.0
PANZANI | PESTO | PESTO_TOM_SECHE | COUPELLE | NON_BIO,1,1.0,0,18487.6,0.0
AUT_MQ | SCE_CLAS | EPICEE_STEAK_AMERICAIN | POT | NON_BIO,1,1.0,0,18156.1,12321.799999999996
MUTTI | LEGUMES | VERDURE | POT | NON_BIO,1,1.0,0,18052.8,0.0
LUCIEN_GEORGELIN | BOLO_CLASSIQUE | BOLOGNAISE | POT | NON_BIO,3,3.0,0,17849.300000000003,36153.6
AUT_MQ | SCE_CLAS | ROSE | POT | NON_BIO,1,1.0,0,17834.7,42852.60000000001
AUT_MQ | SCE_CLAS | HARISSA_&_PIMENTS | FLA_PLAS | NON_BIO,1,1.0,0,17809.899999999998,20780.5
JARDIN_BIO | BIO | 5_LEGUMES | DOY_PAC | BIO,1,1.0,0,17050.4,27044.3
AUT_MQ | SCE_CLAS | TRUFFE_D'ETE | POT | NON_BIO,1,1.0,0,16682.4,9541.2
LOUIS_MARTIN | LEGUMES | TOMATE_CUI | POT | NON_BIO,1,1.0,0,16337.3,14754.500000000002
AUT_MQ | SCE_CLAS | TERIYAKI_A_L'AIL_CONFIT | POT | NON_BIO,1,1.0,0,15868.2,40061.7
RIVOIRE_&_CARRET | LEGUMES | PROVENCALE | POT | NON_BIO,1,1.0,0,15342.600000000002,23627.0
AUT_MQ | LEGUMES | AIL_&_HERBES_DE_PROVENCE | POT | NON_BIO,1,1.0,0,15225.0,18778.5
AUT_MQ | PESTO | PEST_ARTIC | POT | NON_BIO,1,1.0,0,15191.0,8008.1
AUT_MQ | SCE_POISSON | CAPRE_OLIV | POT | NON_BIO,1,1.0,0,15162.9,8414.799999999997
AUT_MQ | SCE_CLAS | PISTOU_BASILIC | POT | NON_BIO,1,1.0,0,15105.499999999998,21052.1
AUT_MQ | SCE_CLAS | CHILLI_SUCREE | FLA_PLAS | NON_BIO,1,1.0,0,15058.0,0.0
AUT_MQ | LEGUMES | SALSA_ARRIERA | POT | NON_BIO,1,1.0,0,15025.500000000002,13880.6
AUT_MQ | SCE_CLAS | CURRY_JAUNE_THAI | AUT_EMB | NON_BIO,1,1.0,0,14902.2,11908.000000000002
BARILLA | PESTO | PESTO_CALABRESE | POT | NON_BIO,1,1.0,0,14701.7,4284.1
AUT_MQ | BIO | AUBER_POIV | POT | BIO,1,1.0,0,14655.7,12196.8
AUT_MQ | SCE_CLAS | PESTO_CALABRESE | POT | NON_BIO,2,2.0,0,14399.2,13121.3
CASERTA | LEGUMES | SIMPLISSIM | POT | NON_BIO,1,1.0,0,14399.1,12298.100000000002
SACLA | PESTO | PESTO_BASILIC_&_TOFU_&_CHANVRE | POT | BIO,1,1.0,0,14376.1,10213.2
MQ_FAB_1_PRX | LEGUMES | BASILIC | POT | NON_BIO,1,1.0,0,14207.1,0.0
AUT_MQ | BIO | RICOTTA_&_BASILIC | POT | BIO,1,1.0,0,14063.1,11973.3
AUT_MQ | LEGUMES | PIQUILLOS | POT | NON_BIO,1,1.0,0,14010.299999999996,13459.3
AUT_MQ | LEGUMES | TOMATES_CERISE_CILIEGINE_AU_BA | POT | NON_BIO,1,1.0,0,13880.5,11223.700000000004
AUT_MQ | SCE_CLAS | COCO_CURRY | POT | NON_BIO,1,1.0,0,13561.6,6367.6
AUT_MQ | BIO | GENOVESE_BIO | POT | BIO,2,2.0,0,13427.499999999996,4290.0999999999985
KNORR | LEGUMES | LEGUME | BTE_FER | NON_BIO,1,0.0,1,13390.3,14355.7
AUT_MQ | LEGUMES | TOMATES_BASILIC | POT | NON_BIO,1,1.0,0,13121.9,8053.5
ITALIANS_DO_IT_BETTER | BIO | CEPE | POT | BIO,1,1.0,0,13117.9,0.0
AUT_MQ | LEGUMES | BRUSCHETTA | POT | NON_BIO,5,3.0,2,12947.4,35708.1
AUT_MQ | LEGUMES | AIL | POT | NON_BIO,1,0.0,1,12851.2,10218.500000000002
AUT_MQ | SCE_CLAS | MORILLES_A_LA_CREME | POT | NON_BIO,1,1.0,0,12748.1,20519.500000000004
AUT_MQ | BIO | AUBERGINES_&_PARMESAN_&_BASILI | POT | BIO,1,1.0,0,12478.2,0.0
AUT_MQ | SCE_CLAS | CREME_AUX_POIREAUX | DOSE | NON_BIO,1,1.0,0,12438.2,6684.0999999999985
AUT_MQ | PESTO | PISTOU_NICOIS | POT | NON_BIO,1,1.0,0,12316.299999999996,17444.000000000004
ZAPETTI_BUITONI | LEGUMES | NAPOLITAIN | POT | NON_BIO,7,4.0,3,12124.800000000001,88871.90000000001
JARDIN_BIO | SCE_CLAS | POIVRE_A_LA_CREME_FRAICHE | POT | BIO,1,1.0,0,11978.7,8450.6
AUT_MQ | LEGUMES | TOM_SECHE | POT | NON_BIO,3,1.0,2,11811.8,15055.900000000003
ITALIANS_DO_IT_BETTER | BIO | OLIVE | POT | BIO,1,1.0,0,11771.1,0.0
FLORELLI | SCE_CLAS | TARTUFATA | POT | NON_BIO,1,1.0,0,11736.9,0.0
AUT_MQ | BOLO_CLASSIQUE | BOLOG_BOEUF | POT | NON_BIO,2,1.0,1,11684.6,0.0
FLORELLI | SCE_CLAS | OLIVES_NOIRES_&_TOMATES_SECHEE | POT | NON_BIO,1,1.0,0,11670.1,0.0
AUT_MQ | SCE_CLAS | CURRY_THAI_COCO | POT | BIO,2,2.0,0,11626.6,1532.5
FLORELLI | SCE_CLAS | OLIVES_VERTES_&_PISTACHES | POT | NON_BIO,1,1.0,0,11509.4,0.0
AUT_MQ | CREME | CARBONARA | POT | NON_BIO,5,4.0,1,11494.099999999999,17313.8
LE_CABANON | LEGUMES | CHEVRE | POT | NON_BIO,1,1.0,0,11477.2,15309.4
ZAPETTI_BUITONI | LEGUMES | PROVENCALE_AUX_LEGUMES_DU_SOLE | POT | NON_BIO,4,1.0,3,11466.399999999998,88700.3
AUT_MQ | BIO | AIL_&_PIMENT | POT | BIO,1,1.0,0,11256.4,0.0
LOUIS_MARTIN | LEGUMES | BASILIC | POT | NON_BIO,3,2.0,1,10885.3,11815.5
AUT_MQ | BIO | PESTO_TOM | POT | BIO,1,1.0,0,10815.1,9050.5
AUT_MQ | BIO | BOLOGNAISE | POT | BIO,3,2.0,1,10797.400000000001,0.0
AUT_MQ | SCE_CLAS | TRUFFE_D'ETE | DOSE | NON_BIO,1,1.0,0,10638.9,0.0
AUT_MQ | LEGUMES | TOMATE_AIL_&_HERBES_DE_PROVENC | POT | NON_BIO,2,1.0,1,10544.8,25315.6
ITALIANS_DO_IT_BETTER | BIO | PESTO_RGE | POT | BIO,1,1.0,0,10515.3,0.0
AUT_MQ | CREME | CARBONARA | BTE_FER | NON_BIO,1,1.0,0,10509.4,0.0
AUT_MQ | SCE_CLAS | DUO_DE_SAUMON_CREME_CITRONNEE | POT | NON_BIO,1,1.0,0,10441.0,6275.3
AUT_MQ | BIO | COURGETTES_&_AIL | POT | BIO,1,1.0,0,10430.3,435.9
AUT_MQ | BIO | PESTO_VERD | TUB | BIO,1,1.0,0,10376.7,8608.499999999998
AUT_MQ | LEGUMES | PIMENT | POT | NON_BIO,3,2.0,1,10270.100000000002,8455.899999999998
ITALIANS_DO_IT_BETTER | BIO | BASILIC | POT | BIO,1,1.0,0,10250.4,0.0
AUT_MQ | CREME | CR_CHAMP | DOSE | NON_BIO,1,1.0,0,10082.4,6051.4
AUT_MQ | LEGUMES | FRITE_AVEC_DE_L'HUILE_D'OLIVE | POT | NON_BIO,1,1.0,0,9945.8,8318.800000000001
RIVOIRE_&_CARRET | LEGUMES | BASQUAISE | POT | NON_BIO,1,1.0,0,9916.5,41427.4
AUT_MQ | LEGUMES | CEPE | POT | NON_BIO,9,2.0,7,9806.1,13394.800000000001
AUT_MQ | SCE_CLAS | TIKKA_MASALA | DOY_PAC | NON_BIO,1,1.0,0,9767.7,0.0
AUT_MQ | SCE_CLAS | AUBERGINE_&_PARMESAN_&_CREME_D | POT | NON_BIO,1,1.0,0,9669.2,13548.0
ITALIANS_DO_IT_BETTER | AUT_VIANDE | PANCETTA_FUMEE | POT | NON_BIO,1,1.0,0,9542.6,11034.7
FLORELLI | SCE_CLAS | ARTICHAUTS_&_TRUFFE | POT | NON_BIO,1,1.0,0,9347.4,0.0
AUT_MQ | LEGUMES | TOMATES_CERISE_CILIEGINE_AU_PI | POT | NON_BIO,1,1.0,0,9177.1,7226.199999999999
AUT_MQ | LEGUMES | PIQUANTE | POT | NON_BIO,2,1.0,1,8700.400000000001,8465.699999999999
AUT_MQ | SCE_CLAS | PERIGUEUX_TRUFFEE_A_1% | BTE_FER | NON_BIO,1,1.0,0,8660.8,8682.399999999998
MUTTI | AUTRE_GAMME | CHILI | POT | NON_BIO,1,1.0,0,8646.4,0.0
AUT_MQ | LEGUMES | AUBERGINE_&_PARMESAN | POT | NON_BIO,1,1.0,0,8600.099999999999,21723.699999999993
AUT_MQ | LEGUMES | TOMATE_CHEVRE_MIEL | POT | NON_BIO,2,1.0,1,8558.099999999999,10272.2
AUT_MQ | BIO | BRUSCHETTA | POT | BIO,1,1.0,0,8308.9,2695.6
MQ_FAB_1_PRX | AUTRE_GAMME | ORIGAN | POT | NON_BIO,1,1.0,0,8263.0,0.0
AUT_MQ | AUT_VIANDE | SMOKED_BACON | POT | NON_BIO,1,1.0,0,8221.7,25623.30000000001
AUT_MQ | LEGUMES | CHEVRE_&_MIEL_DE_PROVENCE_IGP | POT | NON_BIO,1,1.0,0,8201.8,11410.2
LOUIS_MARTIN | LEGUMES | PROVENCALE | BTE_FER | NON_BIO,1,1.0,0,8155.1,4383.0
AUT_MQ | SCE_CLAS | CEPES_&_AU_JUS_DE_TRUFFES_NOIR | BTE_FER | NON_BIO,1,1.0,0,8020.099999999998,6524.6
AUT_MQ | LEGUMES | HUILE_D'OLIVE_VIERGE_EXTRA | POT | NON_BIO,1,1.0,0,7931.9,2451.6999999999994
AUT_MQ | SCE_CLAS | CREME_DE_BRESSE_AOP_&_LARDONS | POT | NON_BIO,1,1.0,0,7839.2,11228.0
AUT_MQ | SCE_CLAS | ORIENTAL_SATAY | POT | NON_BIO,1,1.0,0,7827.1,195.2
POLLI | PESTO | PESTO_VERD | POT | NON_BIO,1,1.0,0,7789.000000000001,9984.8
AUT_MQ | AUTRE_GAMME | TRUFFE_D'ETE | POT | NON_BIO,1,1.0,0,7653.799999999997,0.0
AUT_MQ | SCE_CLAS | POISSON | POT | NON_BIO,1,1.0,0,7645.9,15603.899999999998
SUZY_WAN | SCE_CLAS | THAI_COCO_CURRY | POT | NON_BIO,1,1.0,0,7606.7,11130.8
MQ_FAB_1_PRX | SCE_POISSON | OLIV_CAPRE | POT | NON_BIO,1,1.0,0,7585.500000000001,0.0
AUT_MQ | LEGUMES | VERDURE | POT | BIO,1,1.0,0,7540.300000000001,0.0
AUT_MQ | BIO | CAVIAR_D'AUBERGINES | POT | BIO,1,1.0,0,7537.900000000002,0.0
AUT_MQ | BIO | PESTO_OLIV | POT | BIO,1,1.0,0,7529.6,6986.499999999999
SACLA | SCE_CLAS | PESTO_AUX_AUBERGINES_GRILLEES | POT | NON_BIO,1,1.0,0,7520.599999999998,0.0
ZAPETTI_BUITONI | LEGUMES | TOMATE_CUI | BTE_FER | NON_BIO,2,1.0,1,7465.600000000001,12862.2
MQ_FAB_1_PRX | LEGUMES | AUBERGINE | POT | NON_BIO,1,1.0,0,7236.0,0.0
AUT_MQ | SCE_CLAS | CURRY_VERT_&_LEGUMES | AUT_EMB | NON_BIO,1,1.0,0,7141.299999999997,0.0
AUT_MQ | SCE_CLAS | HUITRE_AIL | POT | NON_BIO,1,1.0,0,6987.0,6083.1
AUT_MQ | SCE_CLAS | CURRY_INDIENNE_TIKKA_MASALA | POT | NON_BIO,1,0.0,1,6919.400000000002,0.0
CIRIO | LEGUMES | BASILIC | BTE_FER | NON_BIO,1,1.0,0,6904.900000000002,16808.999999999996
AUT_MQ | BIO | TOMATE_FRITE | POT | BIO,1,1.0,0,6831.300000000001,5767.6
MQ_FAB_1_PRX | SCE_CLAS | PESTO_CALABRESE | POT | NON_BIO,1,0.0,1,6793.0,15980.0
AUT_MQ | BIO | OLIVES_&_RICOTTA | POT | BIO,1,1.0,0,6762.2,0.0
LOUIS_MARTIN | LEGUMES | PROVENCALE | POT | NON_BIO,2,2.0,0,6751.299999999999,7420.6
LOUIS_MARTIN | LEGUMES | AROMATE | BTE_FER | NON_BIO,1,1.0,0,6747.0,9560.7
FLORELLI | SCE_CLAS | PESTO_RUSTICO_AI_CARCIOFI | POT | NON_BIO,1,1.0,0,6738.5,22381.1
AUT_MQ | BIO | BOLOGNAISE_AU_SOJA | POT | BIO,1,1.0,0,6700.1,0.0
FLORELLI | SCE_CLAS | PESTO_ALLA_GENOVESE_SENZA_AGLI | POT | NON_BIO,1,1.0,0,6686.5999999999985,32028.1
LOUIS_MARTIN | PESTO | PESTO_VERD | POT | NON_BIO,1,1.0,0,6646.000000000001,7149.3
AUT_MQ | SCE_CLAS | ALGUES_LAITUE_DE_MER_&_CITRON | POT | NON_BIO,1,1.0,0,6547.400000000002,11325.8
AUT_MQ | LEGUMES | RICOTTA | POT | NON_BIO,4,2.0,2,6429.8,10519.3
AUT_MQ | BIO | TOSCANE | POT | BIO,1,1.0,0,6345.8,835.3
AUT_MQ | SCE_CLAS | CANARD_LAQUE | POT | NON_BIO,1,1.0,0,6323.000000000001,18792.8
SACLA | LEGUMES | BASILIC | DOY_PAC | NON_BIO,1,1.0,0,6322.900000000002,7413.499999999999
AUT_MQ | BIO | SALSA | POT | BIO,1,1.0,0,6268.400000000002,2946.3
AUT_MQ | SCE_CLAS | POIVRONS_DEL_PIQUILLO | POT | NON_BIO,1,1.0,0,6237.3,0.0
MQ_FAB_1_PRX | BOLO_CLASSIQUE | BOLOG_VDE | POT | NON_BIO,1,0.0,1,6152.500000000001,6178.3
AUT_MQ | SCE_CLAS | CURRY_INDIENNE_TANDOORI | POT | NON_BIO,1,1.0,0,6095.799999999997,0.0
AUT_MQ | BOLO_CLASSIQUE | BOLOGNESE | POT | NON_BIO,3,3.0,0,6065.0999999999985,8964.5
LE_CABANON | BOLO_ORIGINALE | BOLOGNAISE_AU_VIN_AOP | POT | NON_BIO,1,1.0,0,5953.200000000003,6922.700000000003
AUT_MQ | BIO | CLASSIQUE | POT | BIO,1,1.0,0,5946.5,0.0
AUT_MQ | SCE_CLAS | BRUSCHETTA_OLIVES_NOIRES | POT | BIO,1,0.0,1,5893.5,1551.8
AUT_MQ | SCE_CLAS | MOUSS_CHAMP | DOY_PAC | NON_BIO,1,1.0,0,5820.6,10392.8
AUT_MQ | BIO | AUBERGINE | POT | BIO,2,2.0,0,5721.699999999999,1950.3000000000004
AUT_MQ | LEGUMES | TRUFFE | POT | NON_BIO,2,2.0,0,5683.799999999999,7381.299999999999
AUT_MQ | SCE_CLAS | ROUGAIL | POT | NON_BIO,1,1.0,0,5616.799999999997,6590.900000000002
AUT_MQ | SCE_CLAS | CARAMEL_ASIATIQUE | POT | NON_BIO,1,1.0,0,5565.5999999999985,5668.9
AUT_MQ | SCE_CLAS | CURRY_INDIENNE_KORMA | POT | NON_BIO,1,1.0,0,5554.900000000002,0.0
CASERTA | LEGUMES | BASILIC | POT | NON_BIO,1,1.0,0,5383.700000000002,3691.599999999999
AUT_MQ | SCE_CLAS | ALGUES_DULSE_&_TOMATES | POT | NON_BIO,1,1.0,0,5275.4,5598.199999999999
HEINZ | LEGUMES | TOMATO_SOFRITO | POT | NON_BIO,1,1.0,0,5237.5,0.0
AUT_MQ | LEGUMES | CREME_DE_BALSAMIQUE | POT | NON_BIO,1,1.0,0,5142.6,13052.100000000002
AUT_MQ | PESTO | PESTO_BALSAMIQUE | POT | NON_BIO,1,1.0,0,5106.500000000001,6933.5999999999985
SACLA | BIO | QUINOA_ROUGE_EDAMAME | POT | BIO,1,1.0,0,5100.5,2506.7
PANZANI | QUALITE_FRAICHEMENT_CUISINEE | OLIVE | POT | NON_BIO,1,1.0,0,5095.8,189604.9
AUT_MQ | SCE_CLAS | SAUCE_SUPREME_A_LA_TRUFFE_DU_P | POT | NON_BIO,1,0.0,1,5042.5,5672.8
AUT_MQ | SCE_CLAS | CURRY_MADRAS_&_LAIT_DE_COCO | POT | NON_BIO,1,1.0,0,5026.8,8489.6
AUT_MQ | SCE_CLAS | COCO_THAI | POT | NON_BIO,1,1.0,0,5006.1,5645.8
JARDIN_BIO | BIO | PASTA | POT | BIO,1,1.0,0,4863.8,50897.50000000001
AUT_MQ | PESTO | PESTO_PIMENTE | POT | NON_BIO,1,1.0,0,4823.8,6492.100000000001
AUT_MQ | SCE_CLAS | HOMARD_A_LA_CREME_FRAICHE_&_AU | DOY_PAC | NON_BIO,1,0.0,1,4778.700000000002,6331.9
AUT_MQ | BIO | HERBES | POT | BIO,1,1.0,0,4777.9,0.0
AUT_MQ | BIO | BOLOGNAISE_&_HUILE_D'OLIVE_EXT | POT | BIO,1,1.0,0,4775.9,6027.200000000003
AUT_MQ | SCE_CLAS | TIKKA_MASALA_EPICE | POT | NON_BIO,1,1.0,0,4730.2,0.0
AUT_MQ | PESTO | PESTO_AIL_OURS | POT | NON_BIO,1,1.0,0,4717.2,4331.6
CIRIO | AUTRE_GAMME | CLASSICA | BTE_FER | NON_BIO,1,1.0,0,4672.799999999998,14309.9
AUT_MQ | SCE_CLAS | SARDINE | POT | NON_BIO,1,1.0,0,4498.200000000002,4895.2
AUT_MQ | SCE_CLAS | MIRIN | POT | NON_BIO,1,1.0,0,4462.6,8672.4
AUT_MQ | SCE_CLAS | AJVAR_PAPRIKA | POT | NON_BIO,1,1.0,0,4453.1,4750.9
AUT_MQ | LEGUMES | AUBERGINE | POT | NON_BIO,2,1.0,1,4369.200000000001,5382.4
AUT_MQ | AUT_VIANDE | AMATRICIAN | POT | NON_BIO,6,5.0,1,4351.299999999999,7295.4
AUT_MQ | LEGUMES | ARTICHAUTS_RICOTTA | POT | NON_BIO,1,1.0,0,4159.8,5120.0999999999985
FLORELLI | LEGUMES | LEG_GRILLE | POT | NON_BIO,1,1.0,0,4157.8,11328.3
CASERTA | BOLO_CLASSIQUE | BOLOGNAISE | POT | NON_BIO,1,0.0,1,4119.5999999999985,3520.300000000001
AUT_MQ | LEGUMES | COURGETTES_&_PARMESAN_AOP | POT | NON_BIO,1,1.0,0,3991.0,11006.200000000004
AUT_MQ | SCE_CLAS | BIFANA | POT | NON_BIO,1,1.0,0,3939.4,2975.9000000000005
AUT_MQ | AUTRE_GAMME | CARRI | POT | NON_BIO,1,1.0,0,3850.3,4801.7
SACLA | LEGUMES | NAPOLITAIN | DOY_PAC | NON_BIO,1,1.0,0,3839.5,2315.0000000000005
BARILLA | PESTO | PEST_NOIX_RICO | POT | NON_BIO,2,2.0,0,3788.3,3924.400000000001
AUT_MQ | SCE_CLAS | ALGUES_NORI_&_CEPES_&_MORILLES | POT | NON_BIO,1,1.0,0,3666.9,4464.3
SACLA | CREME | 4FROMAGES | POT | NON_BIO,1,1.0,0,3649.1,23229.3
AUT_MQ | SCE_CLAS | TIKKA_MASALA | POT | NON_BIO,1,1.0,0,3629.7,0.0
AUT_MQ | BIO | RICOTTA | POT | BIO,1,1.0,0,3629.400000000001,0.0
AUT_MQ | BIO | LEG_GRILLE | POT | BIO,1,1.0,0,3540.4999999999995,0.0
AUT_MQ | BIO | PEPERONI | POT | BIO,1,1.0,0,3536.6,0.0
POLLI | PESTO | PEST_SICIL | POT | NON_BIO,1,1.0,0,3536.3,6601.6
POLLI | LEGUMES | ARRABIATA | POT | NON_BIO,1,1.0,0,3431.4000000000005,6694.600000000001
CASERTA | LEGUMES | NAPOLITAIN | POT | NON_BIO,1,1.0,0,3394.0000000000005,3056.2
AUT_MQ | BOLO_ORIGINALE | RAGU_BOLOGNESE | POT | NON_BIO,1,1.0,0,3380.9999999999995,4208.7
PANZANI | CREME | PIZZA | POT | NON_BIO,1,1.0,0,3372.1000000000013,26204.700000000004
BARILLA | AUT_VIANDE | AMATRICIAN | POT | NON_BIO,1,1.0,0,3305.5,2704.7
AUT_MQ | LEGUMES | PUTTANESCA | POT | NON_BIO,5,3.0,2,3293.7,7458.900000000001
AUT_MQ | SCE_CLAS | PESTO_ROSSO_PIMENTE | POT | NON_BIO,1,1.0,0,3271.7,3783.1
AUT_MQ | LEGUMES | SALS_MEXI_CASERA | POT | NON_BIO,1,1.0,0,3266.7,10567.3
AUT_MQ | BOLO_CLASSIQUE | ITALIEN | POT | NON_BIO,2,1.0,1,3121.5000000000005,2956.300000000001
AUT_MQ | SCE_CLAS | LEGUMES_DU_SOLEIL | DOSE | NON_BIO,1,1.0,0,2966.200000000001,3327.8
AUT_MQ | BIO | NATURE | POT | BIO,1,1.0,0,2803.9000000000005,1107.3000000000004
LE_CABANON | LEGUMES | OLIVE | POT | NON_BIO,1,1.0,0,2672.0,4776.000000000001
SACLA | LEGUMES | ARRABIATA | DOY_PAC | NON_BIO,1,1.0,0,2625.4,1765.1
AUT_MQ | LEGUMES | SALSA_TAQUERA | POT | NON_BIO,1,1.0,0,2594.8,15824.0
AUT_MQ | LEGUMES | NATURE | BRIC | NON_BIO,1,1.0,0,2543.7,0.0
DE_CECCO | PESTO | PESTO_VERD | POT | NON_BIO,1,1.0,0,2486.3,1493.2000000000005
AUT_MQ | SCE_CLAS | CURRY_INDIENNE_CURRY_DOUX | POT | NON_BIO,1,0.0,1,2471.8,0.0
AUT_MQ | BIO | SEITAN | POT | BIO,1,1.0,0,2424.4,0.0
BARILLA | LEGUMES | NATURE | POT | NON_BIO,1,1.0,0,2406.3,2263.5000000000005
POLLI | LEGUMES | OLIVE | POT | NON_BIO,2,1.0,1,2362.0,3219.7000000000003
BARILLA | LEGUMES | PUTTANESCA | POT | NON_BIO,1,1.0,0,2353.2,1683.1999999999994
AUT_MQ | PESTO | PESTO_VERD | TUB | NON_BIO,1,1.0,0,2338.2,6267.300000000001
AUT_MQ | CREME | CREMOLIVA | POT | NON_BIO,1,1.0,0,2281.6,10767.2
AUT_MQ | SCE_CLAS | POMODORINO_CILIEGINO_&_PEPERON | POT | NON_BIO,1,1.0,0,2273.7000000000007,12024.4
AUT_MQ | LEGUMES | PARMESAN | POT | NON_BIO,2,2.0,0,2268.9,7307.600000000002
AUT_MQ | BOLO_ORIGINALE | BOLOGNESE_SOJA | POT | NON_BIO,1,1.0,0,2250.2,6265.999999999999
LOUIS_MARTIN | BIO | PROVENCALE | POT | BIO,1,1.0,0,2234.8,2045.5
AUT_MQ | SCE_CLAS | CEPE | POT | NON_BIO,1,0.0,1,2221.7000000000007,0.0
ZAPETTI_BUITONI | BOLO_ORIGINALE | BOLOGNAISE_FONDUE_D'ECHALOTES | POT | NON_BIO,4,3.0,1,2201.4,60958.3
AUT_MQ | AUTRE_GAMME | CLOVISSE | POT | NON_BIO,1,1.0,0,2088.8,1734.3000000000006
SACLA | LEGUMES | AIL_ROTI | DOY_PAC | NON_BIO,1,1.0,0,2052.600000000001,1387.3
SACLA | CREME | CARBONARA_ITALIANA | POT | NON_BIO,1,1.0,0,2017.8,13468.4
LOUIS_MARTIN | BIO | BASILIC | POT | BIO,1,1.0,0,2014.9,1969.1
AUT_MQ | AUTRE_GAMME | ENCRE_SEIC | POT | NON_BIO,2,0.0,2,2008.6,2241.4
CASERTA | LEGUMES | BRUSCHETTA | POT | NON_BIO,1,1.0,0,2002.1,1356.9
AUT_MQ | SCE_POISSON | THON | POT | NON_BIO,2,2.0,0,1877.7000000000005,1740.2999999999995
AUT_MQ | LEGUMES | TOMATE_CERISE_CILIEGINE | POT | NON_BIO,1,1.0,0,1874.5,12165.5
AUT_MQ | PESTO | PISTOU_ROUGE | POT | NON_BIO,1,1.0,0,1851.5,5264.0999999999985
BARILLA | BOLO_CLASSIQUE | RAGU_CONTADINO_CON_VINO_ROSSO | POT | NON_BIO,1,1.0,0,1810.8,2271.5
AUT_MQ | SCE_CLAS | VIANDE_DE_BOEUF_DE_RACE_PODOLI | POT | NON_BIO,1,1.0,0,1805.4,2902.8
AUT_MQ | SCE_CLAS | TIKKA_MASALA | POT | BIO,1,1.0,0,1689.7999999999995,0.0
AUT_MQ | SCE_CLAS | GESIERS | POT | NON_BIO,1,1.0,0,1689.7000000000005,1515.5
CASERTA | LEGUMES | PRIMAVERA | POT | NON_BIO,1,1.0,0,1473.4,1434.5
AUT_MQ | PESTO | PESTO_MENTHE | POT | NON_BIO,1,1.0,0,1462.2,4620.1
AUT_MQ | SCE_CLAS | CHAMP_TRUF | POT | NON_BIO,1,1.0,0,1456.7,4478.9
LOUIS_MARTIN | BIO | BOLOGNAISE | POT | BIO,1,1.0,0,1429.1,1700.8
AUT_MQ | AUT_VIANDE | PEPPERONI | POT | NON_BIO,1,1.0,0,1389.6,10771.100000000002
MUTTI | LEGUMES | DATTERINI | POT | NON_BIO,2,2.0,0,1365.2999999999995,29922.30000000001
AUT_MQ | BIO | BASILIC | BRIC | BIO,1,1.0,0,1334.4,0.0
BARILLA | SCE_POISSON | THON | POT | NON_BIO,1,1.0,0,1333.9999999999998,1178.1
AUT_MQ | BIO | PIMENT | POT | BIO,1,1.0,0,1326.6,8908.2
AUT_MQ | LEGUMES | OLIV_CAPRE | POT | NON_BIO,1,1.0,0,1236.6,1203.5
AUT_MQ | SCE_CLAS | MOUSSELINE | DOSE | NON_BIO,1,1.0,0,1105.9,137.9
AUT_MQ | BIO | PIGNONS_DE_PAIN | POT | BIO,1,1.0,0,1094.2,9428.8
SACLA | LEGUMES | POTI_PARME | POT | NON_BIO,1,1.0,0,1061.6,3491.1
AUT_MQ | SCE_CLAS | AJVAR_AUX_TOMATES_&_EPICES | POT | NON_BIO,1,1.0,0,1012.8,2997.3
SACLA | LEGUMES | TOMATES_CERISES_&_BASILIC | POT | NON_BIO,2,2.0,0,1001.5,21473.1
AUT_MQ | BIO | LEGUMES_A_LA_SICILIENNE | POT | BIO,1,1.0,0,930.8,12958.3
LE_CABANON | BOLO_CLASSIQUE | BOLOGNAISE | POT | NON_BIO,2,2.0,0,919.6,6187.799999999998
AUT_MQ | SCE_CLAS | OLIVETTE | POT | NON_BIO,1,1.0,0,913.2,1151.2999999999995
AUT_MQ | SCE_CLAS | TERIYAKI_MARINADE | POT | NON_BIO,2,2.0,0,879.3,4455.0
AUT_MQ | AUTRE_GAMME | PIQUANTE_CALABRESE | POT | NON_BIO,1,0.0,1,833.9000000000003,802.4000000000003
PANZANI | PESTO | PESTO_VERD | DOY_PAC | NON_BIO,1,1.0,0,830.5,1164.7
AUT_MQ | SCE_CLAS | PESTO_VERDE_ALLA_GENOVESE | POT | NON_BIO,1,1.0,0,827.6,539.1
AUT_MQ | SCE_CLAS | PESTO_ROUGE_DANS_HUILE_DE_TOUR | POT | NON_BIO,1,1.0,0,818.6999999999997,1941.6
SACLA | PESTO | PEST_ARTIC | POT | NON_BIO,1,1.0,0,792.5,4358.299999999998
LUCIEN_GEORGELIN | LEGUMES | POIV_AUBER | POT | NON_BIO,2,1.0,1,781.6,30273.30000000001
AUT_MQ | LEGUMES | SAUCE_CARI | POT | NON_BIO,1,0.0,1,769.7,2383.100000000001
DE_CECCO | LEGUMES | HUILE_D'OLIVE_VIERGE_EXTRA | POT | NON_BIO,1,1.0,0,751.0000000000001,590.7
PANZANI | PESTO | PESTO_VERD | FLA_PLAS | NON_BIO,1,1.0,0,712.6999999999997,102389.6
AUT_MQ | SCE_CLAS | MADRAS_SAUCE_CURRY_EPICEE_AUX | POT | NON_BIO,1,1.0,0,698.6999999999997,2755.4
LOUIS_MARTIN | LEGUMES | TOM_OLIVE | POT | NON_BIO,1,1.0,0,692.4999999999999,415.2
AUT_MQ | LEGUMES | BOLET_CEPE | POT | NON_BIO,1,1.0,0,682.2,1770.6
POLLI | LEGUMES | ARTICHAUT | POT | NON_BIO,1,1.0,0,659.9,1161.2
AUT_MQ | LEGUMES | CURRY | POT | NON_BIO,1,0.0,1,605.4,657.6999999999998
LUCIEN_GEORGELIN | LEGUMES | AIL_&_PIMENT_D'ESPELETTE | POT | NON_BIO,2,1.0,1,572.2,70809.90000000001
PANZANI | A_CUISINER | PLT_BASQUAISE | POT | NON_BIO,1,1.0,0,564.8000000000002,14538.5
AUT_MQ | SCE_CLAS | CREMEE_AUX_MORILLES | DOY_PAC | NON_BIO,1,1.0,0,513.0,12144.7
DE_CECCO | BOLO_CLASSIQUE | BOLOGNESE | POT | NON_BIO,1,1.0,0,512.8,699.4
LOUIS_MARTIN | LEGUMES | TOMATE_CUI | BTE_FER | NON_BIO,1,1.0,0,505.7,507.10000000000014
DE_CECCO | LEGUMES | OLIVE | POT | NON_BIO,1,1.0,0,475.80000000000007,485.2
POLLI | PESTO | PESTO_ALLA_CALABRESE | POT | NON_BIO,1,1.0,0,464.5,2188.4
POLLI | LEGUMES | TOM_SECHE | POT | NON_BIO,1,1.0,0,374.3,762.8
SACLA | LEGUMES | TOM_CERISE_ORIGAN | POT | NON_BIO,2,2.0,0,355.5,2267.3999999999996
POLLI | LEGUMES | POIVRON | POT | NON_BIO,1,1.0,0,354.5,1017.6
PANZANI | LEGUMES | ARRABIATA | POT | NON_BIO,2,1.0,1,352.3,43948.5
AUT_MQ | LEGUMES | MIEL_&_AUX_PIGNONS | POT | NON_BIO,1,1.0,0,337.9000000000001,1455.1
ZAPETTI_BUITONI | LEGUMES | POULET_ROTI_EN_MARMITE_AUX_HER | POT | NON_BIO,1,1.0,0,330.6,29474.4
LOUIS_MARTIN | LEGUMES | CHAMPIGNON | POT | NON_BIO,1,0.0,1,290.8,483.70000000000016
LOUIS_MARTIN | LEGUMES | NAPOLITAIN | POT | NON_BIO,1,1.0,0,284.9000000000001,320.7999999999999
LE_CABANON | LEGUMES | PROVENCALE | POT | NON_BIO,3,2.0,1,265.8,1685.9999999999995
LOUIS_MARTIN | BOLO_CLASSIQUE | ITALIEN | BTE_FER | NON_BIO,1,0.0,1,257.1,168.5
AUT_MQ | LEGUMES | SPAGHETTI | POT | NON_BIO,1,0.0,1,250.9,183.2
AUT_MQ | SCE_CLAS | AJVAR_VERT | POT | NON_BIO,1,1.0,0,250.3,4340.3
AUT_MQ | SCE_CLAS | ASSORT | POT | NON_BIO,3,1.0,2,237.7,13962.4
AUT_MQ | BIO | COURGETTE | POT | BIO,1,1.0,0,235.9,205.8
PANZANI | LEGUMES | BASILIC_CISELE | POT | NON_BIO,1,0.0,1,225.1,34634.1
SACLA | LEGUMES | CAVIAR_TOM_AMANDE | POT | NON_BIO,1,1.0,0,220.4,18849.2
DE_CECCO | LEGUMES | VERDURE | POT | NON_BIO,1,0.0,1,211.1,148.4
BARILLA | PESTO | PESTO_RUSTICO_AUBERGINE_AUX_HE | POT | NON_BIO,1,1.0,0,200.6,11806.5
BARILLA | PESTO | PESTO_VERD | DOY_PAC | NON_BIO,1,1.0,0,199.6,111.0
AUT_MQ | PESTO | OLIVES_FACON_PESTO_VERT | POT | NON_BIO,1,1.0,0,191.3,36430.9
VICTORIA | LEGUMES | NAPOLITAIN | POT | NON_BIO,1,0.0,1,178.7,819.5
AUT_MQ | PESTO | OLIVES_FACON_PESTO_ROSSO | POT | NON_BIO,1,1.0,0,176.3,34341.700000000004
AUT_MQ | BIO | CEPES | POT | BIO,1,1.0,0,169.60000000000005,161.6
BARILLA | LEGUMES | PIZZA | POT | NON_BIO,2,1.0,1,167.29999999999995,18.1
AUT_MQ | AUT_VIANDE | SAUCISSE | BTE_FER | NON_BIO,1,1.0,0,165.0,0.0
AUT_MQ | LEGUMES | LANGUEDOC | POT | NON_BIO,1,0.0,1,163.99999999999997,357.2
AUT_MQ | LEGUMES | CITRON_CONFIT_&_OLIVES | POT | NON_BIO,1,1.0,0,150.6,48287.6
AUT_MQ | PESTO | PEST_BASIL_PARM | POT | NON_BIO,1,1.0,0,148.0,656.5
PANZANI | CREME | LASAGNES | POT | NON_BIO,1,1.0,0,147.9,5683.3
MUTTI | LEGUMES | LEGUME | TUB | NON_BIO,1,1.0,0,147.59999999999997,225.7
AUT_MQ | SCE_CLAS | CURRY_&_A_L'AIL_POUR_WOK | POT | NON_BIO,1,1.0,0,139.3,291.4
SACLA | AUTRE_GAMME | RADICCHIO_&_NOIX | POT | NON_BIO,1,1.0,0,135.0,4842.4000000000015
ZAPETTI_BUITONI | LEGUMES | PIQUANTE | BTE_FER | NON_BIO,3,1.0,2,117.10000000000001,2462.0
MUTTI | LEGUMES | PIMENT | POT | NON_BIO,1,1.0,0,115.4,116.8
AUT_MQ | LEGUMES | HOT_MISTRAL | POT | NON_BIO,1,1.0,0,112.9,130.1
BARILLA | BOLO_ORIGINALE | BOLOGNESE_VERDURE_MEDITERRANEE | POT | NON_BIO,1,1.0,0,110.1,2958.2
MUTTI | LEGUMES | LEG_GRILLE | POT | NON_BIO,1,1.0,0,108.3,159.10000000000005
AUT_MQ | LEGUMES | GINGER_TONIC | POT | NON_BIO,1,0.0,1,107.2,71.5
AUT_MQ | LEGUMES | PROVENCALE | BTE_FER | NON_BIO,1,0.0,1,107.0,660.5
AUT_MQ | LEGUMES | BRASERO | POT | NON_BIO,1,0.0,1,102.1,51.7
AUT_MQ | LEGUMES | RIVIERA | POT | NON_BIO,1,0.0,1,90.6,97.10000000000002
AUT_MQ | SCE_CLAS | BECHAMEL_HERBES_&_EPICES | POT | NON_BIO,1,1.0,0,89.5,1255.6999999999996
ZAPETTI_BUITONI | EXOTIQUE | INDIENNE_CURRY_&_CORIANDRE | POT | NON_BIO,1,1.0,0,88.9,4518.499999999999
AUT_MQ | LEGUMES | OLIVES_PROVENCALE | POT | NON_BIO,1,1.0,0,86.1,54351.40000000001
AUT_MQ | SCE_CLAS | BEURRE_BLANC_&_CITRON_CONFIT | DOY_PAC | NON_BIO,1,0.0,1,81.7,2292.2
BUITONI | BOLO_CLASSIQUE | ITALIEN | BTE_FER | NON_BIO,2,0.0,2,80.4,28.8
PANZANI | LEGUMES | PROVENCALE | TUB | NON_BIO,1,1.0,0,78.80000000000003,1548.8000000000006
PANZANI | LEGUMES | TOMATES_BASILIC_FROMAGES_ITALIENS | POT | NON_BIO,1,1.0,0,70.30000000000001,1166.0
AUT_MQ | SCE_CLAS | THAI_STEAK | POT | NON_BIO,1,1.0,0,68.1,59.0
SACLA | AUTRE_GAMME | OIGNONS_BORETTANE_&_PISTACHES | POT | NON_BIO,1,1.0,0,65.8,1068.8
AUT_MQ | LEGUMES | PIMENT_D'ESPELETTE | POT | NON_BIO,1,0.0,1,64.9,301.6
AUT_MQ | BIO | PUTTANESCA | POT | BIO,1,1.0,0,62.2,125.2
MUTTI | LEGUMES | OLIVE | POT | NON_BIO,1,1.0,0,60.0,65.9
AUT_MQ | LEGUMES | AIL_ROTI | POT | NON_BIO,1,1.0,0,58.5,3410.6000000000013
PANZANI | CREME | PROVENCALE | POT | NON_BIO,1,1.0,0,57.8,4519.7
PANZANI | LEGUMES | OLIVE | POT | NON_BIO,1,1.0,0,55.5,5947.299999999997
AUT_MQ | SCE_CLAS | PIMENT_DOUX_&_AIL | SAC | NON_BIO,1,1.0,0,55.4,2737.8
SACLA | LEGUMES | TOMATES_CERISES_PARMESAN | POT | NON_BIO,2,2.0,0,52.40000000000001,22009.6
JARDIN_BIO | BIO | BASILIC_&_PARMESAN | POT | BIO,1,1.0,0,46.6,465.4
AUT_MQ | LEGUMES | 2_TOMATES | POT | NON_BIO,1,1.0,0,39.2,395.8
AUT_MQ | LEGUMES | CHAMP_PORCI | POT | NON_BIO,1,0.0,1,35.59999999999999,42.6
AUT_MQ | LEGUMES | OLIVES_MEDITERRANEENNE | POT | NON_BIO,1,1.0,0,35.59999999999999,17219.0
AUT_MQ | SCE_CLAS | CITRON_VERT_PIMENT_DOUX | AUT_EMB | NON_BIO,1,0.0,1,35.1,1563.3000000000006
AUT_MQ | SCE_CLAS | VIERGE_A_LA_PROVENCALE | POT | NON_BIO,1,1.0,0,34.8,624.1
AUT_MQ | PESTO | PESTO_RGE | TUB | NON_BIO,1,0.0,1,34.7,502.20000000000016
AUT_MQ | LEGUMES | TOMATE_CUSINEE_A_L'ANCIENNE | POT | NON_BIO,1,1.0,0,31.4,179.3
ZAPETTI_BUITONI | LEGUMES | FROMAGE | POT | NON_BIO,2,1.0,1,31.3,2318.4
FLORELLI | BIO | ARRABIATA | POT | BIO,1,1.0,0,28.4,206.7
AUT_MQ | SCE_CLAS | BECHAMEL_CHAMPIGNONS_&_PARMESA | POT | NON_BIO,1,0.0,1,25.3,587.6
SACLA | LEGUMES | ASP_VRTE | POT | NON_BIO,1,1.0,0,24.8,765.5
LUCIEN_GEORGELIN | LEGUMES | CAPRE | POT | NON_BIO,1,1.0,0,22.8,1597.5
SACLA | LEGUMES | TOM_CERISE_ROM | POT | NON_BIO,2,2.0,0,20.6,519.0
PANZANI | CREME | CAMPAGNARD | POT | NON_BIO,1,1.0,0,19.7,334.8
BUITONI | LEGUMES | NATURE | BTE_FER | NON_BIO,2,0.0,2,16.7,7.199999999999999
PANZANI | BOLO_BALLS | KNACKS | POT | NON_BIO,1,1.0,0,16.1,77.7
MUTTI | LEGUMES | BASILIC | POT | NON_BIO,1,1.0,0,15.7,181.6
AUT_MQ | SCE_CLAS | COCOCRAZY_KORMA_PASTE | POT | NON_BIO,1,1.0,0,14.7,2575.5
PANZANI | LEGUMES | 6LEGUMES | POT | NON_BIO,1,1.0,0,12.8,13238.8
PANZANI | A_CUISINER | PLT_CREME_CHAMP | POT | NON_BIO,1,1.0,0,11.9,1342.8000000000004
POLLI | A_CUISINER | RISOTTO_TOM_PARM | POT | NON_BIO,1,1.0,0,11.2,261.9
PANZANI | PESTO | RICOTTA | POT | NON_BIO,1,1.0,0,10.9,286.3
BARILLA | BOLO_ORIGINALE | BOLOGNESE_CHAMPIGNONS_&_CEPES | POT | NON_BIO,1,1.0,0,10.2,1214.3
AUT_MQ | AUTRE_GAMME | GIROLLE_V_NOIX | BTE_FER | NON_BIO,1,0.0,1,10.0,74.60000000000002
ZAPETTI_BUITONI | BOLO_CLASSIQUE | BOLOGNAISE_AU_BOEUF_RISSOLE | POT | NON_BIO,1,0.0,1,9.6,1004.6
AUT_MQ | SCE_CLAS | POIVRE_NOIR_WOK | POT | NON_BIO,1,1.0,0,8.3,240.7
AUT_MQ | BOLO_ORIGINALE | BOLOG_BASI | POT | NON_BIO,1,1.0,0,7.5,0.0
JARDIN_BIO | BIO | OIGNONS_&_LARDONS | POT | BIO,2,1.0,1,7.5,664.3
ZAPETTI_BUITONI | LEGUMES | CALIENTE_ARRABBIATA_&_PIMENT_& | POT | NON_BIO,1,1.0,0,7.5,750.9000000000003
PANZANI | BOLO_BALLS | POULET | POT | NON_BIO,2,2.0,0,6.8000000000000025,37.0
JARDIN_BIO | BIO | PEST_TOM_PARM | POT | BIO,1,1.0,0,6.7,157.2
FLORELLI | LEGUMES | CAPRE_OLIV | POT | NON_BIO,1,1.0,0,6.5,147.4
SACLA | LEGUMES | TOM_CERISE_SESAME | POT | NON_BIO,1,1.0,0,6.0,18.1
BJORG | BIO | CHAMPIGNON | POT | BIO,1,1.0,0,5.9,1042.7
AUT_MQ | AUT_VIANDE | PANCETTA_FUMEE | POT | NON_BIO,1,1.0,0,5.9,661.5
SACLA | PESTO | PESTO_VEGETARIEN | POT | NON_BIO,1,1.0,0,5.6,147347.8
ZAPETTI_BUITONI | LEGUMES | GRECQUE_COMPOTEE_D'AUBERGINES | POT | NON_BIO,1,1.0,0,5.2,717.5
FLORELLI | LEGUMES | POIV_RG | POT | NON_BIO,1,1.0,0,4.0,102.1
PANZANI | BOLO_ORIGINALE | AMERICAN_BOLOGNAISE | POT | NON_BIO,1,1.0,0,4.0,0.0
AUT_MQ | SCE_CLAS | ALGUES | DOY_PAC | BIO,1,0.0,1,3.6,2387.5
PANZANI | LEGUMES | LEGUMES | FLA_PLAS | NON_BIO,1,1.0,0,3.5,5.5
BJORG | BIO | CURRY | POT | BIO,1,1.0,0,3.4,1175.9
AUT_MQ | LEGUMES | MELANZANE | POT | NON_BIO,1,0.0,1,3.1,14.5
ZAPETTI_BUITONI | LEGUMES | OLIVES_CHAMPIGNONS_A_L'ORIGAN | POT | NON_BIO,1,1.0,0,2.8,9.3
AUT_MQ | LEGUMES | TOM_OIGNON | POT | NON_BIO,1,0.0,1,2.5,30.0
LOUIS_MARTIN | PESTO | PESTO_RGE | POT | NON_BIO,1,1.0,0,2.5,67.80000000000001
AUT_MQ | LEGUMES | DATTERINI | POT | NON_BIO,1,1.0,0,2.1,21109.2
AUT_MQ | LEGUMES | BASILIC | DOY_PAC | NON_BIO,1,0.0,1,1.9,17.9
PANZANI | LEGUMES | TOMATES_CUISINEES_EMMENTAL | POT | NON_BIO,1,1.0,0,1.8,206.3
AUT_MQ | LEGUMES | ROUGAIL | POT | NON_BIO,3,2.0,1,1.4,3447.6
ZAPETTI_BUITONI | BOLO_CLASSIQUE | BOLOGNAISE | BRIC | NON_BIO,1,1.0,0,1.1,2890.5
ZAPETTI_BUITONI | BOLO_CLASSIQUE | BOLOGNAISE_BOEUF_RISSOLE | POT | NON_BIO,1,0.0,1,0.0,0.0
ZAPETTI_BUITONI | LEGUMES | PROVENCALE | POT | NON_BIO,4,1.0,3,0.0,21.6
ZAPETTI_BUITONI | LEGUMES | NATURE | TUB | NON_BIO,1,1.0,0,0.0,0.8
ZAPETTI_BUITONI | LEGUMES | NATURE | POT | NON_BIO,2,1.0,1,0.0,0.0
ZAPETTI_BUITONI | BIO | PT_LEGUME | POT | BIO,1,1.0,0,0.0,0.0
SACLA | LEGUMES | TOMATES_BASILIC | POT | NON_BIO,1,0.0,1,0.0,2.3
ZAPETTI_BUITONI | LEGUMES | CURRY_A_LA_CORIANDRE | POT | NON_BIO,1,1.0,0,0.0,18.7
ZAPETTI_BUITONI | BOLO_ORIGINALE | BOLO_TEX_MEX | POT | NON_BIO,1,0.0,1,0.0,0.0
ZAPETTI_BUITONI | LEGUMES | CHAMPIGNONS_&_MASCARPONE | POT | NON_BIO,2,1.0,1,0.0,941.9
SACLA | LEGUMES | TOM_CERISE_MENTHE | POT | NON_BIO,1,1.0,0,0.0,2.3
SOLEILLANS | LEGUMES | SPAGHETTI | DOY_PAC | NON_BIO,1,1.0,0,0.0,4.5
ZAPETTI_BUITONI | LEGUMES | BASILIC | POT | NON_BIO,4,1.0,3,0.0,4.300000000000002
ZAPETTI_BUITONI | LEGUMES | HERB_PROV | POT | NON_BIO,1,0.0,1,0.0,0.0
SACLA | LEGUMES | TOM_C_PARM | POT | NON_BIO,1,0.0,1,0.0,0.0
ZAPETTI_BUITONI | LEGUMES | PROVENC_LANGUE | POT | NON_BIO,1,0.0,1,0.0,0.0
SACLA | LEGUMES | POIV_ANANAS | POT | NON_BIO,1,1.0,0,0.0,3.3
VICTORIA | BOLO_CLASSIQUE | BOLOGNAISE | POT | NON_BIO,1,0.0,1,0.0,6.8
ZAPETTI_BUITONI | LEGUMES | AIL_OIGNON | BRIC | NON_BIO,5,1.0,4,0.0,105.9
AUT_MQ | AUTRE_GAMME | CALABRAIS | FLA_PLAS | NON_BIO,1,0.0,1,0.0,0.0
SACLA | BIO | PIQUANTE_TOMATES_&_POIVRONS_& | POT | BIO,1,1.0,0,0.0,0.0
AUT_MQ | LEGUMES | TOMATE_CUI | BTE_FER | NON_BIO,1,0.0,1,0.0,29.2
AUT_MQ | SCE_CLAS | ALGUES_AU_SEL_DE_GUERANDE | DOY_PAC | BIO,1,0.0,1,0.0,662.4000000000002
AUT_MQ | SCE_CLAS | ARMORICAINE | DOY_PAC | NON_BIO,1,1.0,0,0.0,1.2
AUT_MQ | SCE_CLAS | CHAMPIGNONS_&_OLIVES | POT | NON_BIO,1,1.0,0,0.0,1916.8
AUT_MQ | SCE_CLAS | CREMEE_AU_FOIE_GRAS | DOY_PAC | NON_BIO,1,0.0,1,0.0,4.5
AUT_MQ | SCE_CLAS | JAUNTY_JALFREZI_PASTE | POT | NON_BIO,1,0.0,1,0.0,5.0
AUT_MQ | SCE_CLAS | KASHMIRI_MILD_KORMA | POT | NON_BIO,1,0.0,1,0.0,0.0
AUT_MQ | SCE_CLAS | MANGUE_CURCUMA_&_CURRY | POT | BIO,1,1.0,0,0.0,6044.5999999999985
AUT_MQ | SCE_CLAS | MELANGE_5_BAIES | DOY_PAC | NON_BIO,1,0.0,1,0.0,12.1
AUT_MQ | SCE_CLAS | NAPOLITAIN | POT | NON_BIO,1,0.0,1,0.0,4.3
AUT_MQ | SCE_CLAS | ONCTUEUSE_AU_RIZ | POT | BIO,1,0.0,1,0.0,0.0
AUT_MQ | SCE_CLAS | PIZZA | POT | NON_BIO,1,0.0,1,0.0,0.0
AUT_MQ | SCE_CLAS | TANTALIZING_TIKKA_PASTE | POT | NON_BIO,1,1.0,0,0.0,2266.600000000001
AUT_MQ | SCE_CLAS | TARTINABLE_PIQUANTE_DE_LEGUMES | POT | NON_BIO,1,1.0,0,0.0,0.0
AUT_MQ | SCE_CLAS | YUZU | AUT_EMB | NON_BIO,1,0.0,1,0.0,1010.2
AUT_MQ | SCE_POISSON | ANCHOIS | POT | NON_BIO,1,0.0,1,0.0,16.700000000000006
AUT_MQ | SCE_POISSON | CLOVISSE | POT | NON_BIO,1,0.0,1,0.0,38.9
AUT_MQ | SCE_POISSON | MOULE | POT | NON_BIO,1,0.0,1,0.0,17.6
AUT_MQ | SCE_CLAS | AGLIO_&_OLIO_&_PEPERONCINO_CAL | POT | NON_BIO,1,0.0,1,0.0,0.0
AUT_MQ | LEGUMES | SAUCE_TOMATE_AUBERGINES_&_BASI | POT | NON_BIO,1,1.0,0,0.0,46.5
AUT_MQ | SCE_POISSON | VONGOLE | POT | NON_BIO,1,0.0,1,0.0,108.7
AUT_MQ | LEGUMES | POMODORO | POT | NON_BIO,1,0.0,1,0.0,0.0
AUT_MQ | AUTRE_GAMME | ORANG | POT | NON_BIO,2,0.0,2,0.0,4.8
AUT_MQ | AUT_VIANDE | JAMB_SAUCI | POT | NON_BIO,1,0.0,1,0.0,0.0
AUT_MQ | AUT_VIANDE | POITRINE_DE_PORC | POT | NON_BIO,1,0.0,1,0.0,1.5
AUT_MQ | AUT_VIANDE | TOSCANA | POT | NON_BIO,1,0.0,1,0.0,0.0
AUT_MQ | BIO | AUBERGINE_CHEVRE | DOY_PAC | BIO,1,0.0,1,0.0,2.0
AUT_MQ | BIO | NOIX_DE_COCO_ANANAS | POT | BIO,1,1.0,0,0.0,0.0
AUT_MQ | BIO | ONCTUEUSE_AU_SOJA | POT | BIO,1,1.0,0,0.0,0.0
AUT_MQ | BIO | ORANGE_CELERI_GINGEMBRE | POT | BIO,1,1.0,0,0.0,4771.2
AUT_MQ | BOLO_ORIGINALE | BOLOGNAISE_VOLAILLE | POT | NON_BIO,1,0.0,1,0.0,6.4
AUT_MQ | LEGUMES | * | POT | NON_BIO,1,0.0,1,0.0,66.60000000000001
AUT_MQ | LEGUMES | AIL_H_OLIVE | POT | NON_BIO,1,1.0,0,0.0,43.8
AUT_MQ | LEGUMES | ANDALOUSE | POT | NON_BIO,1,0.0,1,0.0,5.4
AUT_MQ | LEGUMES | AUBER_OLIV_OIL | POT | NON_BIO,1,0.0,1,0.0,0.0
AUT_MQ | LEGUMES | BOLET | POT | NON_BIO,1,0.0,1,0.0,0.0
AUT_MQ | LEGUMES | BOLOGNESE | POT | NON_BIO,1,1.0,0,0.0,19.5
AUT_MQ | LEGUMES | GRAN_PAD_PECO_CHEESE | POT | NON_BIO,1,0.0,1,0.0,0.0
AUT_MQ | LEGUMES | PARMIGIANO_REGGIANO | POT | NON_BIO,1,1.0,0,0.0,14.4
AUT_MQ | SCE_POISSON | TOMATES_JAUNES_&_FILETS_DE_THO | POT | NON_BIO,1,1.0,0,0.0,936.5
BARILLA | AUTRE_GAMME | GORGONZOLA | POT | NON_BIO,1,1.0,0,0.0,0.0
SACLA | BIO | PANCETTA | POT | BIO,1,1.0,0,0.0,0.0
LE_CABANON | BIO | BOLOGNAISE | POT | BIO,1,1.0,0,0.0,0.0
MUTTI | LEGUMES | PARMESAN | POT | NON_BIO,1,1.0,0,0.0,0.0
PANZANI | AUT_VIANDE | LARDON_OIGNON | POT | NON_BIO,1,1.0,0,0.0,3.7
PANZANI | A_CUISINER | RISOTTO_3_FROMAGGI | POT | NON_BIO,1,1.0,0,0.0,0.0
PANZANI | BOLO_BALLS | BARBECUE | POT | NON_BIO,1,1.0,0,0.0,91.3
PANZANI | BOLO_BALLS | BOEUF | POT | NON_BIO,1,1.0,0,0.0,39.7
PANZANI | BOLO_ORIGINALE | BOLOG_BARBEC | POT | NON_BIO,1,0.0,1,0.0,0.0
PANZANI | BOLO_ORIGINALE | BOLOG_JAMB | POT | NON_BIO,1,1.0,0,0.0,3.1
PANZANI | LEGUMES | FRAICHEUR | BTE_FER | NON_BIO,1,0.0,1,0.0,0.0
PANZANI | LEGUMES | LEGUME | BTE_FER | NON_BIO,1,0.0,1,0.0,0.0
PANZANI | LEGUMES | REC_DU_SUD | POT | NON_BIO,1,0.0,1,0.0,4.6
PANZANI | PESTO | PESTO_DOUX_TOMATES | POT | NON_BIO,1,1.0,0,0.0,11.1
PANZANI | PESTO | PESTO_RGE | FLA_PLAS | NON_BIO,1,1.0,0,0.0,12.8
PANZANI | SCE_POISSON | OLIVES_BASILIC_THON | POT | NON_BIO,1,1.0,0,0.0,0.0
PANZANI | SCE_POISSON | TOMATES_CUISINES_THON | POT | NON_BIO,1,0.0,1,0.0,0.0
POLLI | A_CUISINER | RISOTTO_TOMATES_&_BASILIC | POT | NON_BIO,1,0.0,1,0.0,0.0
SACLA | AUTRE_GAMME | CHATAIGNES_&_POMMES | POT | NON_BIO,1,1.0,0,0.0,0.0
SACLA | AUTRE_GAMME | CHOCOLAT | POT | NON_BIO,1,1.0,0,0.0,13.0
LE_CABANON | LEGUMES | CHAMPIGNON | POT | NON_BIO,1,0.0,1,0.0,19.1
JARDIN_BIO | BIO | PEST_BASIL_PARM | POT | BIO,1,1.0,0,0.0,25.1
BARILLA | LEGUMES | SICILIAN | POT | NON_BIO,1,0.0,1,0.0,0.0
HEINZ | LEGUMES | TOMATE_CUITE_HUILE_OLIVE | BRIC | NON_BIO,1,0.0,1,0.0,2.8
BARILLA | LEGUMES | TOMATES_CERISE_ARRABBIATA | POT | NON_BIO,1,0.0,1,0.0,1.5
BARILLA | PESTO | PEST_OIG_DX | POT | NON_BIO,1,0.0,1,0.0,0.0
BARILLA | PESTO | TOM_SECHE | POT | NON_BIO,1,0.0,1,0.0,0.0
BARILLA | SCE_CLAS | VONGOLE_ALLE_MARINARA | POT | NON_BIO,1,1.0,0,0.0,297.5
BUITONI | BOLO_CLASSIQUE | BOLOGNAISE | POT | NON_BIO,1,0.0,1,0.0,0.0
BUITONI | LEGUMES | BASILIC | POT | NON_BIO,1,0.0,1,0.0,0.0
BUITONI | LEGUMES | NAPOLITAIN | POT | NON_BIO,1,0.0,1,0.0,1.5
BUITONI | LEGUMES | PARMESAN | POT | NON_BIO,1,0.0,1,0.0,3.7
CASERTA | LEGUMES | BASILIC | BTE_FER | NON_BIO,1,0.0,1,0.0,0.0
FLORELLI | BIO | HOLV_BASIL | POT | BIO,1,1.0,0,0.0,28.3
FLORELLI | BIO | LEG_SOLEIL | POT | BIO,1,1.0,0,0.0,98.4
FLORELLI | LEGUMES | CHAMPIGNON | POT | NON_BIO,1,1.0,0,0.0,59.0
HEINZ | LEGUMES | AIL_OIGNON | POT | NON_BIO,1,1.0,0,0.0,0.0
HEINZ | LEGUMES | BASILIC | BRIC | NON_BIO,1,0.0,1,0.0,1.4
HEINZ | LEGUMES | PARMESAN | BRIC | NON_BIO,1,1.0,0,0.0,157.5
HEINZ | LEGUMES | PARMESAN | DOY_PAC | NON_BIO,1,0.0,1,0.0,0.0
HEINZ | LEGUMES | TOMATE_CUI | BRIC | NON_BIO,1,0.0,1,0.0,5.0
ZAPETTI_BUITONI | PESTO | PESTO_VERD | DOSE | NON_BIO,1,0.0,1,0.0,2.5
